"BpS_Code","Order","Donate","Receive","Primary","Secondary","ActiveOnly","ActivePassive","PassiveOnly","REST_ACRES","stratID"
"Na0210290_fdw",1,"B","C","Thin / low fire","None",1,0,0,1463.73672670021,"Na0210290_fdw OSW"
"Na0210290_fdw",2,"E","D","Thin / low fire","None",1,0,0,4327.66200530594,"Na0210290_fdw OSW"
"Na0210290_fdw",3,"B","D","Thin / low fire","Grow w/ fire",0,1,0,1378.23652405524,"Na0210290_fdw OSW"
"Na0210290_fdw",6,"B","A","Regen / high fire","None",1,0,0,0.741756554339531,"Na0210290_fdw OSW"
"Na0210290_fwo",2,"E","D","Thin / low fire","None",1,0,0,4721.81623205499,"Na0210290_fwo OSW"
"Na0210290_fwo",3,"B","D","Thin / low fire","Grow w/ fire",0,1,0,130675.152611446,"Na0210290_fwo OSW"
"Na0210290_fwo",18,"A","D","Grow w/ fire","Grow w/ fire",0,0,1,321.374212991039,"Na0210290_fwo OSW"
"Na0210350_fvg",3,"B","D","Thin / low fire","Grow w/ fire",0,1,0,370.816578830807,"Na0210350_fvg OEC"
"Na0210350_fvg",19,"A","D","Grow w/ fire","Grow w/ fire",0,0,1,118.075787810035,"Na0210350_fvg OEC"
"Na0210350_fvg",1,"B","C","Thin / low fire","None",1,0,0,2.16691726883471,"Na0210350_fvg OSW"
"Na0210350_fvg",2,"E","D","Thin / low fire","None",1,0,0,90.7475407692222,"Na0210350_fvg OSW"
"Na0210350_fvg",3,"B","D","Thin / low fire","Grow w/ fire",0,1,0,54.503377989907,"Na0210350_fvg OSW"
"Na0210350_fvg",19,"A","D","Grow w/ fire","Grow w/ fire",0,0,1,13.8317861730665,"Na0210350_fvg OSW"
"Na0710270_fdd",3,"B","D","Thin / low fire","Grow w/ fire",0,1,0,0.17589472568014,"Na0710270_fdd OEC"
"Na0710270_fdd",6,"B","A","Regen / high fire","None",1,0,0,0.01147663125961,"Na0710270_fdd OEC"
"Na0710270_fdd",7,"C","A","Regen / high fire","None",1,0,0,0.02111061097067,"Na0710270_fdd OEC"
"Na0710270_fdd",19,"C","E","Grow w/o fire","Grow w/o fire",0,0,1,0.08880402926965,"Na0710270_fdd OEC"
"Na0710270_fdd",1,"B","C","Thin / low fire","None",1,0,0,34062.1493819201,"Na0710270_fdd OSW"
"Na0710270_fdd",3,"B","D","Thin / low fire","Grow w/ fire",0,1,0,557191.998033408,"Na0710270_fdd OSW"
"Na0710270_fdd",13,"B","E","Grow w/o fire","None",0,0,1,242191.059880087,"Na0710270_fdd OSW"
"Na0710412_fmc",1,"B","A","Regen / high fire","None",1,0,0,591.630729288957,"Na0710412_fmc OEC"
"Na0710412_fmc",6,"E","C","Overstory removal","None",1,0,0,561.127184228152,"Na0710412_fmc OEC"
"Na0710412_fmc",7,"B","C","Thin / low fire","None",1,0,0,156.774209551453,"Na0710412_fmc OEC"
"Na0710412_fmc",17,"B","D","Thin / low fire","Grow w/ fire",0,1,0,107.653432684186,"Na0710412_fmc OEC"
"Na0710412_fmc",4,"E","A","Regen / high fire","None",1,0,0,379.15971344997,"Na0710412_fmc OSW"
"Na0710412_fmc",6,"E","C","Overstory removal","None",1,0,0,1192.05994958873,"Na0710412_fmc OSW"
"Na0710412_fmh",1,"B","A","Regen / high fire","None",1,0,0,35353.7447331472,"Na0710412_fmh OEC"
"Na0710412_fmh",7,"B","C","Thin / low fire","None",1,0,0,37985.7175315033,"Na0710412_fmh OEC"
"Na0710412_fmh",1,"B","A","Regen / high fire","None",1,0,0,17637.4338567721,"Na0710412_fmh OSW"
"Na0710412_fmh",4,"E","A","Regen / high fire","None",1,0,0,2521.23444084141,"Na0710412_fmh OSW"
"Na0710412_fmh",6,"E","C","Overstory removal","None",1,0,0,20104.4339324038,"Na0710412_fmh OSW"
"Na0710412_fmh",11,"D","E","Grow w/o fire","None",0,0,1,0.88101487378802,"Na0710412_fmh WCB"
"Na0710412_fmh",18,"A","E","Grow w/o fire","Grow w/o fire",0,0,1,7.12844528169792,"Na0710412_fmh WCB"
"Na0710412_fmh",19,"C","E","Grow w/o fire","Grow w/o fire",0,0,1,7.55123097641975,"Na0710412_fmh WCB"
"Na0710412_fmh",1,"B","A","Regen / high fire","None",1,0,0,33313.5830629774,"Na0710412_fmh WEC"
"Na0710412_fmh",5,"D","C","Overstory removal","None",1,0,0,35895.7115910194,"Na0710412_fmh WEC"
"Na0710412_fmh",7,"B","C","Thin / low fire","None",1,0,0,22096.3988678421,"Na0710412_fmh WEC"
"Na0710412_fmh",10,"B","E","Grow w/o fire","None",0,0,1,28746.0218453596,"Na0710412_fmh WEC"
"Na0710412_fmh",5,"D","C","Overstory removal","None",1,0,0,37.9488473534352,"Na0710412_fmh WNE"
"Na0710412_fmh",10,"B","E","Grow w/o fire","None",0,0,1,500.437362186167,"Na0710412_fmh WNE"
"Na0710412_fmh",11,"D","E","Grow w/o fire","None",0,0,1,76.0474441506086,"Na0710412_fmh WNE"
"Na0710412_fmi",1,"B","A","Regen / high fire","None",1,0,0,444.960221866014,"Na0710412_fmi OEC"
"Na0710412_fmi",5,"D","C","Overstory removal","None",1,0,0,545.717599316504,"Na0710412_fmi OEC"
"Na0710412_fmi",7,"B","C","Thin / low fire","None",1,0,0,1427.95319557177,"Na0710412_fmi OEC"
"Na0710412_fmi",10,"B","E","Grow w/o fire","None",0,0,1,1926.27762276282,"Na0710412_fmi OEC"
"Na0710412_fmi",3,"D","A","Regen / high fire","None",1,0,0,1374.03859695863,"Na0710412_fmi OSW"
"Na0710412_fmi",4,"E","A","Regen / high fire","None",1,0,0,222.245997775885,"Na0710412_fmi OSW"
"Na0710412_fmi",6,"E","C","Overstory removal","None",1,0,0,1909.5596340491,"Na0710412_fmi OSW"
"Na1010471_frn",3,"B","D","Thin / low fire","Grow w/ fire",0,1,0,2.26348867521495,"Na1010471_frn WCB"
"Na1010471_frn",6,"B","A","Regen / high fire","None",1,0,0,2.35738520638433,"Na1010471_frn WCB"
"Na1010471_frn",13,"B","E","Grow w/o fire","None",0,0,1,0.0420863834080496,"Na1010471_frn WCB"
"Na1010471_frn",20,"C","E","Grow w/o fire","Grow w/o fire",0,0,1,10.4639840680946,"Na1010471_frn WCB"
"Na1010471_frn",3,"B","D","Thin / low fire","Grow w/ fire",0,1,0,50184.6795228835,"Na1010471_frn WNE"
"Na1010471_frn",6,"B","A","Regen / high fire","None",1,0,0,44980.8759909753,"Na1010471_frn WNE"
"Na1010471_frn",13,"B","E","Grow w/o fire","None",0,0,1,98203.9991465607,"Na1010471_frn WNE"
"Na1010471_frn",20,"C","E","Grow w/o fire","Grow w/o fire",0,0,1,109512.840744122,"Na1010471_frn WNE"
"R1RFWF_fcw",1,"B","C","Thin / low fire","None",1,0,0,6500.55520636472,"R1RFWF_fcw OSW"
"R1RFWF_fcw",2,"E","D","Thin / low fire","None",1,0,0,13393.6175378632,"R1RFWF_fcw OSW"
"R1RFWF_fcw",3,"B","D","Thin / low fire","Grow w/ fire",0,1,0,4395.22920221761,"R1RFWF_fcw OSW"
"R1RFWF_fcw",6,"B","A","Regen / high fire","None",1,0,0,13761.8470344919,"R1RFWF_fcw OSW"
"R1RFWF_frm",1,"B","C","Thin / low fire","None",1,0,0,55.1330038901718,"R1RFWF_frm OSW"
"R1RFWF_frm",2,"E","D","Thin / low fire","None",1,0,0,454.37586024702,"R1RFWF_frm OSW"
"R1RFWF_frm",3,"B","D","Thin / low fire","Grow w/ fire",0,1,0,39.3726415006943,"R1RFWF_frm OSW"
"R1RFWF_frm",6,"B","A","Regen / high fire","None",1,0,0,416.441588761963,"R1RFWF_frm OSW"
"RaABAMlw_fsi",3,"B","D","Thin / low fire","Grow w/ fire",0,1,0,4463.64267875691,"RaABAMlw_fsi OEC"
"RaABAMlw_fsi",6,"B","A","Regen / high fire","None",1,0,0,2938.42902942945,"RaABAMlw_fsi OEC"
"RaABAMlw_fsi",13,"B","E","Grow w/o fire","None",0,0,1,14009.7637757031,"RaABAMlw_fsi OEC"
"RaABAMlw_fsi",14,"C","E","Grow w/o fire","None",0,0,1,7428.70947951896,"RaABAMlw_fsi OEC"
"RaABAMlw_fsi",3,"B","D","Thin / low fire","Grow w/ fire",0,1,0,361.486966235998,"RaABAMlw_fsi OSW"
"RaABAMlw_fsi",6,"B","A","Regen / high fire","None",1,0,0,2575.08306617817,"RaABAMlw_fsi OSW"
"RaABAMlw_fsi",13,"B","E","Grow w/o fire","None",0,0,1,1832.01017545953,"RaABAMlw_fsi OSW"
"RaABAMlw_fsi",14,"C","E","Grow w/o fire","None",0,0,1,819.555311478158,"RaABAMlw_fsi OSW"
"RaABAMlw_fsi",3,"B","D","Thin / low fire","Grow w/ fire",0,1,0,17368.6079400316,"RaABAMlw_fsi WEC"
"RaABAMlw_fsi",6,"B","A","Regen / high fire","None",1,0,0,22264.434191277,"RaABAMlw_fsi WEC"
"RaABAMlw_fsi",13,"B","E","Grow w/o fire","None",0,0,1,43785.0045885018,"RaABAMlw_fsi WEC"
"RaABAMlw_fsi",14,"C","E","Grow w/o fire","None",0,0,1,18126.1227275033,"RaABAMlw_fsi WEC"
"RaABAMlw_fsw",3,"B","D","Thin / low fire","Grow w/ fire",0,1,0,825.099014325848,"RaABAMlw_fsw OEC"
"RaABAMlw_fsw",6,"B","A","Regen / high fire","None",1,0,0,392.091699088078,"RaABAMlw_fsw OEC"
"RaABAMlw_fsw",13,"B","E","Grow w/o fire","None",0,0,1,1949.51133060043,"RaABAMlw_fsw OEC"
"RaABAMlw_fsw",14,"C","E","Grow w/o fire","None",0,0,1,1355.77482025668,"RaABAMlw_fsw OEC"
"RaABAMlw_fsw",3,"B","D","Thin / low fire","Grow w/ fire",0,1,0,89.7531933903129,"RaABAMlw_fsw OSW"
"RaABAMlw_fsw",6,"B","A","Regen / high fire","None",1,0,0,84.6495163926993,"RaABAMlw_fsw OSW"
"RaABAMlw_fsw",7,"C","A","Regen / high fire","None",1,0,0,186.103644823769,"RaABAMlw_fsw OSW"
"RaABAMlw_fwc",3,"B","D","Thin / low fire","Grow w/ fire",0,1,0,91.3460009738727,"RaABAMlw_fwc OEC"
"RaABAMlw_fwc",6,"B","A","Regen / high fire","None",1,0,0,3.4230265012493,"RaABAMlw_fwc OEC"
"RaABAMlw_fwc",13,"B","E","Grow w/o fire","None",0,0,1,1025.72688545752,"RaABAMlw_fwc OEC"
"RaABAMlw_fwc",14,"C","E","Grow w/o fire","None",0,0,1,547.225445332431,"RaABAMlw_fwc OEC"
"RaABAMlw_fwc",3,"B","D","Thin / low fire","Grow w/ fire",0,1,0,59.1619108041345,"RaABAMlw_fwc OSW"
"RaABAMlw_fwc",6,"B","A","Regen / high fire","None",1,0,0,273.919029480299,"RaABAMlw_fwc OSW"
"RaABAMlw_fwc",13,"B","E","Grow w/o fire","None",0,0,1,432.982221023955,"RaABAMlw_fwc OSW"
"RaABLA_faf",1,"B","A","Regen / high fire","None",1,0,0,1478.64562000413,"RaABLA_faf WNE"
"RaABLA_faf",10,"B","E","Grow w/o fire","None",0,0,1,1948.39552858569,"RaABLA_faf WNE"
"RaABLA_faf",14,"C","D","Grow w/ fire","None",0,0,1,73.3222072590686,"RaABLA_faf WNE"
"RaABLA_faf",18,"B","D","Thin / low fire","Grow w/ fire",0,1,0,173.385110062564,"RaABLA_faf WNE"
"RaDFHEdy_fwi",3,"B","D","Thin / low fire","Grow w/ fire",0,1,0,6426.7845047075,"RaDFHEdy_fwi OEC"
"RaDFHEdy_fwi",11,"C","D","Grow w/ fire","None",0,0,1,9.09494701772928e-13,"RaDFHEdy_fwi OEC"
"RaDFHEdy_fwi",13,"B","E","Grow w/o fire","None",0,0,1,6068.83628057262,"RaDFHEdy_fwi OEC"
"RaDFHEdy_fwi",14,"C","E","Grow w/o fire","None",0,0,1,5307.48024321494,"RaDFHEdy_fwi OEC"
"RaDFHEdy_fwi",20,"A","E","Grow w/o fire","Grow w/o fire",0,0,1,679.118580099981,"RaDFHEdy_fwi OEC"
"RaDFHEdy_fwi",3,"B","D","Thin / low fire","Grow w/ fire",0,1,0,34965.4268664316,"RaDFHEdy_fwi OSW"
"RaDFHEdy_fwi",13,"B","E","Grow w/o fire","None",0,0,1,63372.5198661725,"RaDFHEdy_fwi OSW"
"RaDFHEdy_fwi",14,"C","E","Grow w/o fire","None",0,0,1,18655.8091834848,"RaDFHEdy_fwi OSW"
"RaDFHEdy_fwi",20,"A","E","Grow w/o fire","Grow w/o fire",0,0,1,19640.6872060058,"RaDFHEdy_fwi OSW"
"RaDFHEdy_fwi",3,"B","D","Thin / low fire","Grow w/ fire",0,1,0,6.83125020003865,"RaDFHEdy_fwi ZoneNull"
"RaDFHEdy_fwi",13,"B","E","Grow w/o fire","None",0,0,1,13.2660114022643,"RaDFHEdy_fwi ZoneNull"
"RaDFHEdy_fwi",14,"C","E","Grow w/o fire","None",0,0,1,74.3308299599734,"RaDFHEdy_fwi ZoneNull"
"RaDFHEdy_fwi",20,"A","E","Grow w/o fire","Grow w/o fire",0,0,1,123.067048209424,"RaDFHEdy_fwi ZoneNull"
"RaDFHEdy_fwx",3,"B","D","Thin / low fire","Grow w/ fire",0,1,0,8814.02433224916,"RaDFHEdy_fwx OSW"
"RaDFHEdy_fwx",6,"B","A","Regen / high fire","None",1,0,0,924.157215618794,"RaDFHEdy_fwx OSW"
"RaDFHEdy_fwx",13,"B","E","Grow w/o fire","None",0,0,1,14314.5747658156,"RaDFHEdy_fwx OSW"
"RaDFHEdy_fwx",14,"C","E","Grow w/o fire","None",0,0,1,6756.37557834505,"RaDFHEdy_fwx OSW"
"RaDFHEwt_fdm",10,"B","E","Grow w/o fire","None",0,0,1,16.9772555928951,"RaDFHEwt_fdm OEC"
"RaDFHEwt_fdm",11,"C","E","Grow w/o fire","None",0,0,1,12.0677230088484,"RaDFHEwt_fdm OEC"
"RaDFHEwt_fdm",12,"D","E","Grow w/o fire","None",0,0,1,5.88626326528135,"RaDFHEwt_fdm OEC"
"RaDFHEwt_fdm",10,"B","E","Grow w/o fire","None",0,0,1,4832.63653298767,"RaDFHEwt_fdm OSW"
"RaDFHEwt_fdm",11,"C","E","Grow w/o fire","None",0,0,1,1524.60044971872,"RaDFHEwt_fdm OSW"
"RaDFHEwt_fdm",19,"A","E","Grow w/o fire","Grow w/o fire",0,0,1,26.189437049705,"RaDFHEwt_fdm OSW"
"RaDFHEwt_fhc",10,"B","E","Grow w/o fire","None",0,0,1,9542.07012909344,"RaDFHEwt_fhc OSW"
"RaDFHEwt_fhc",11,"C","E","Grow w/o fire","None",0,0,1,3798.88045968341,"RaDFHEwt_fhc OSW"
"RaDFHEwt_fhc",19,"A","E","Grow w/o fire","Grow w/o fire",0,0,1,2457.28065901379,"RaDFHEwt_fhc OSW"
"RaDFHEwt_fwc",2,"C","A","Regen / high fire","None",1,0,0,0.007248822469805,"RaDFHEwt_fwc ZoneNull"
"RaDFHEwt_fwc",11,"C","E","Grow w/o fire","None",0,0,1,0.158918866759425,"RaDFHEwt_fwc ZoneNull"
"RaDFHEwt_fwc",14,"C","D","Grow w/ fire","None",0,0,1,0.00507334234808,"RaDFHEwt_fwc ZoneNull"
"RaDFHEwt_fwc",15,"C","B","Regen / high fire","Grow w/o fire",0,1,0,0.03271156859671,"RaDFHEwt_fwc ZoneNull"
"RaDFHEwt_fwm",10,"B","E","Grow w/o fire","None",0,0,1,386.960200429261,"RaDFHEwt_fwm OEC"
"RaDFHEwt_fwm",11,"C","E","Grow w/o fire","None",0,0,1,524.579411310679,"RaDFHEwt_fwm OEC"
"RaDFHEwt_fwm",12,"D","E","Grow w/o fire","None",0,0,1,51.6639364547956,"RaDFHEwt_fwm OEC"
"RaDFHEwt_fwm",19,"A","E","Grow w/o fire","Grow w/o fire",0,0,1,325.805526947179,"RaDFHEwt_fwm OEC"
"RaDFHEwt_fwm",10,"B","E","Grow w/o fire","None",0,0,1,68769.289776452,"RaDFHEwt_fwm OSW"
"RaDFHEwt_fwm",11,"C","E","Grow w/o fire","None",0,0,1,34518.7297605109,"RaDFHEwt_fwm OSW"
"RaDFHEwt_fwm",19,"A","E","Grow w/o fire","Grow w/o fire",0,0,1,25929.0736171146,"RaDFHEwt_fwm OSW"
"RaDFHEwt_fwn",10,"B","E","Grow w/o fire","None",0,0,1,34476.903144522,"RaDFHEwt_fwn OSW"
"RaDFHEwt_fwn",11,"C","E","Grow w/o fire","None",0,0,1,20305.1182841533,"RaDFHEwt_fwn OSW"
"RaDFHEwt_fwn",12,"D","E","Grow w/o fire","None",0,0,1,2059.80354264098,"RaDFHEwt_fwn OSW"
"RaDFHEwt_fwn",19,"A","E","Grow w/o fire","Grow w/o fire",0,0,1,39717.1443232687,"RaDFHEwt_fwn OSW"
"RaDFHEwt_fwn",10,"B","E","Grow w/o fire","None",0,0,1,335.544131958101,"RaDFHEwt_fwn ZoneNull"
"RaDFHEwt_fwn",11,"C","E","Grow w/o fire","None",0,0,1,945.653558448322,"RaDFHEwt_fwn ZoneNull"
"RaDFHEwt_fwn",12,"D","E","Grow w/o fire","None",0,0,1,133.109063151631,"RaDFHEwt_fwn ZoneNull"
"RaDFHEwt_fwn",19,"A","E","Grow w/o fire","Grow w/o fire",0,0,1,565.701905548235,"RaDFHEwt_fwn ZoneNull"
"RaDFHEwt_fww",10,"B","E","Grow w/o fire","None",0,0,1,523.779642668761,"RaDFHEwt_fww OEC"
"RaDFHEwt_fww",11,"C","E","Grow w/o fire","None",0,0,1,296.856506788941,"RaDFHEwt_fww OEC"
"RaDFHEwt_fww",19,"A","E","Grow w/o fire","Grow w/o fire",0,0,1,29.4864653238847,"RaDFHEwt_fww OEC"
"RaDFHEwt_fww",10,"B","E","Grow w/o fire","None",0,0,1,6213.6353879562,"RaDFHEwt_fww OSW"
"RaDFHEwt_fww",11,"C","E","Grow w/o fire","None",0,0,1,5457.12319934351,"RaDFHEwt_fww OSW"
"RaDFHEwt_fww",12,"D","E","Grow w/o fire","None",0,0,1,407.092753852749,"RaDFHEwt_fww OSW"
"RaDFHEwt_fww",19,"A","E","Grow w/o fire","Grow w/o fire",0,0,1,6076.68890782014,"RaDFHEwt_fww OSW"
"RaDFHEwt_fww",9,"A","B","Grow w/o fire","None",0,0,1,79.6359682444919,"RaDFHEwt_fww ZoneNull"
"RaDFHEwt_fww",11,"C","E","Grow w/o fire","None",0,0,1,105.914720180794,"RaDFHEwt_fww ZoneNull"
"RaDFHEwt_fww",19,"A","E","Grow w/o fire","Grow w/o fire",0,0,1,341.573869753944,"RaDFHEwt_fww ZoneNull"
"RaDFWV_fwx",1,"B","C","Thin / low fire","None",1,0,0,0.373690364758161,"RaDFWV_fwx OEC"
"RaDFWV_fwx",2,"E","D","Thin / low fire","None",1,0,0,19.4555348447086,"RaDFWV_fwx OEC"
"RaDFWV_fwx",2,"E","D","Thin / low fire","None",1,0,0,6317.85608925479,"RaDFWV_fwx OSW"
"RaDFWV_fwx",3,"B","D","Thin / low fire","Grow w/ fire",0,1,0,2425.36345501262,"RaDFWV_fwx OSW"
"RaDFWV_fwx",6,"B","A","Regen / high fire","None",1,0,0,723.400362386119,"RaDFWV_fwx OSW"
"RaDFWV_fwx",10,"C","D","Grow w/ fire","None",0,0,1,214.301802074312,"RaDFWV_fwx ZoneNull"
"RaDFWV_fwx",19,"A","D","Grow w/ fire","Grow w/ fire",0,0,1,71.0883664662853,"RaDFWV_fwx ZoneNull"
"RaDFWV_fwx",20,"A","E","Grow w/o fire","Grow w/o fire",0,0,1,793.661724731128,"RaDFWV_fwx ZoneNull"
"RaMCONdy_fdd",3,"B","D","Thin / low fire","Grow w/ fire",0,1,0,574838.17002991,"RaMCONdy_fdd OBM"
"RaMCONdy_fdd",11,"C","D","Grow w/ fire","None",0,0,1,49329.7401788272,"RaMCONdy_fdd OBM"
"RaMCONdy_fdd",13,"B","E","Grow w/o fire","None",0,0,1,1.09139364212751e-11,"RaMCONdy_fdd OBM"
"RaMCONdy_fdd",15,"C","E","Grow w/o fire","Grow w/o fire",0,0,1,57576.870054054,"RaMCONdy_fdd OBM"
"RaMCONdy_fdd",1,"B","C","Thin / low fire","None",1,0,0,484.543230459832,"RaMCONdy_fdd WCB"
"RaMCONdy_fdd",3,"B","D","Thin / low fire","Grow w/ fire",0,1,0,1234.4681895614,"RaMCONdy_fdd WCB"
"RaMCONdy_fdd",6,"B","A","Regen / high fire","None",1,0,0,349.22512331395,"RaMCONdy_fdd WCB"
"RaMCONdy_fdd",1,"B","C","Thin / low fire","None",1,0,0,243809.022743821,"RaMCONdy_fdd WNE"
"RaMCONdy_fdd",3,"B","D","Thin / low fire","Grow w/ fire",0,1,0,1036762.34820373,"RaMCONdy_fdd WNE"
"RaMCONdy_fdd",6,"B","A","Regen / high fire","None",1,0,0,130622.542240315,"RaMCONdy_fdd WNE"
"RaMCONdy_fdd",13,"B","E","Grow w/o fire","None",0,0,1,111897.39309806,"RaMCONdy_fdd WNE"
"RaMCONdy_fdg",3,"B","D","Thin / low fire","Grow w/ fire",0,1,0,391297.268709098,"RaMCONdy_fdg OBM"
"RaMCONdy_fdg",6,"B","A","Regen / high fire","None",1,0,0,35757.40236614,"RaMCONdy_fdg OBM"
"RaMCONdy_fdx",1,"B","C","Thin / low fire","None",1,0,0,494.533335364228,"RaMCONdy_fdx OEC"
"RaMCONdy_fdx",2,"E","D","Thin / low fire","None",1,0,0,263.138054213688,"RaMCONdy_fdx OEC"
"RaMCONdy_fdx",3,"B","D","Thin / low fire","Grow w/ fire",0,1,0,1164.9784696663,"RaMCONdy_fdx OEC"
"RaMCONdy_fdx",6,"B","A","Regen / high fire","None",1,0,0,120.532087163532,"RaMCONdy_fdx OEC"
"RaMCONdy_fdx",1,"B","C","Thin / low fire","None",1,0,0,76.584785745347,"RaMCONdy_fdx OSW"
"RaMCONdy_fdx",2,"E","D","Thin / low fire","None",1,0,0,97.9602911452075,"RaMCONdy_fdx OSW"
"RaMCONdy_fdx",3,"B","D","Thin / low fire","Grow w/ fire",0,1,0,2.86092388710837,"RaMCONdy_fdx OSW"
"RaMCONdy_fdx",6,"B","A","Regen / high fire","None",1,0,0,2.8501813792974,"RaMCONdy_fdx OSW"
"RaMCONdy_fmd",3,"B","D","Thin / low fire","Grow w/ fire",0,1,0,234977.443265721,"RaMCONdy_fmd OEC"
"RaMCONdy_fmd",6,"B","A","Regen / high fire","None",1,0,0,4208.36452953235,"RaMCONdy_fmd OEC"
"RaMCONdy_fmd",3,"B","D","Thin / low fire","Grow w/ fire",0,1,0,1424.46918719595,"RaMCONdy_fmd OSE"
"RaMCONdy_fmd",11,"C","D","Grow w/ fire","None",0,0,1,241.815873602752,"RaMCONdy_fmd OSE"
"RaMCONdy_fmd",19,"A","D","Grow w/ fire","Grow w/ fire",0,0,1,258.532021765227,"RaMCONdy_fmd OSE"
"RaMCONdy_fmd",20,"A","E","Grow w/o fire","Grow w/o fire",0,0,1,662.05710221024,"RaMCONdy_fmd OSE"
"RaMCONdy_fmd",3,"B","D","Thin / low fire","Grow w/ fire",0,1,0,4194.92709539912,"RaMCONdy_fmd WCB"
"RaMCONdy_fmd",6,"B","A","Regen / high fire","None",1,0,0,66.7037141271376,"RaMCONdy_fmd WCB"
"RaMCONdy_fmd",7,"C","A","Regen / high fire","None",1,0,0,745.669534965514,"RaMCONdy_fmd WCB"
"RaMCONdy_fmd",15,"C","E","Grow w/o fire","Grow w/o fire",0,0,1,286.035765560537,"RaMCONdy_fmd WCB"
"RaMCONdy_fmd",1,"B","C","Thin / low fire","None",1,0,0,37375.2051472042,"RaMCONdy_fmd WEC"
"RaMCONdy_fmd",3,"B","D","Thin / low fire","Grow w/ fire",0,1,0,503922.186116278,"RaMCONdy_fmd WEC"
"RaMCONdy_fmd",3,"B","D","Thin / low fire","Grow w/ fire",0,1,0,28616.8639949483,"RaMCONdy_fmd WNE"
"RaMCONdy_fmd",13,"B","E","Grow w/o fire","None",0,0,1,5891.10938291502,"RaMCONdy_fmd WNE"
"RaMCONdy_fmx",3,"B","D","Thin / low fire","Grow w/ fire",0,1,0,221829.048439724,"RaMCONdy_fmx OEC"
"RaMCONdy_fmx",13,"B","E","Grow w/o fire","None",0,0,1,7976.98533533814,"RaMCONdy_fmx OEC"
"RaMCONms_fcm",7,"C","A","Regen / high fire","None",1,0,0,66073.6780529878,"RaMCONms_fcm OBM"
"RaMCONms_fcm",11,"C","D","Grow w/ fire","None",0,0,1,68407.6656902138,"RaMCONms_fcm OBM"
"RaMCONms_fcm",15,"C","E","Grow w/o fire","Grow w/o fire",0,0,1,100056.282153176,"RaMCONms_fcm OBM"
"RaMCONms_fcm",16,"C","B","Regen / high fire","Grow w/o fire",0,1,0,262562.045355581,"RaMCONms_fcm OBM"
"RaMCONms_fcm",3,"B","D","Thin / low fire","Grow w/ fire",0,1,0,30.6615283496061,"RaMCONms_fcm OEC"
"RaMCONms_fcm",6,"B","A","Regen / high fire","None",1,0,0,8.2308771223226,"RaMCONms_fcm OEC"
"RaMCONms_fcm",7,"C","A","Regen / high fire","None",1,0,0,30.6347433101949,"RaMCONms_fcm OEC"
"RaMCONms_fcm",15,"C","E","Grow w/o fire","Grow w/o fire",0,0,1,50.2813537376414,"RaMCONms_fcm OEC"
"RaMCONms_fcm",1,"B","C","Thin / low fire","None",1,0,0,11.5214809226878,"RaMCONms_fcm WCB"
"RaMCONms_fcm",3,"B","D","Thin / low fire","Grow w/ fire",0,1,0,38.5994359121715,"RaMCONms_fcm WCB"
"RaMCONms_fcm",6,"B","A","Regen / high fire","None",1,0,0,59.087948077235,"RaMCONms_fcm WCB"
"RaMCONms_fcm",13,"B","E","Grow w/o fire","None",0,0,1,30.8790974577235,"RaMCONms_fcm WCB"
"RaMCONms_fcm",3,"B","D","Thin / low fire","Grow w/ fire",0,1,0,6644.26621678394,"RaMCONms_fcm WNE"
"RaMCONms_fcm",7,"C","A","Regen / high fire","None",1,0,0,9572.49115040099,"RaMCONms_fcm WNE"
"RaMCONms_fcm",11,"C","D","Grow w/ fire","None",0,0,1,474.592207978632,"RaMCONms_fcm WNE"
"RaMCONms_fcm",15,"C","E","Grow w/o fire","Grow w/o fire",0,0,1,10335.7430404361,"RaMCONms_fcm WNE"
"RaMCONms_fmm",7,"C","A","Regen / high fire","None",1,0,0,47028.3718325192,"RaMCONms_fmm OEC"
"RaMCONms_fmm",11,"C","D","Grow w/ fire","None",0,0,1,45106.1528001355,"RaMCONms_fmm OEC"
"RaMCONms_fmm",15,"C","E","Grow w/o fire","Grow w/o fire",0,0,1,15271.5866699929,"RaMCONms_fmm OEC"
"RaMCONms_fmm",16,"C","B","Regen / high fire","Grow w/o fire",0,1,0,33001.5789416908,"RaMCONms_fmm OEC"
"RaMCONms_fmm",3,"B","D","Thin / low fire","Grow w/ fire",0,1,0,92.1449121249434,"RaMCONms_fmm WCB"
"RaMCONms_fmm",7,"C","A","Regen / high fire","None",1,0,0,741.476003658636,"RaMCONms_fmm WCB"
"RaMCONms_fmm",11,"C","D","Grow w/ fire","None",0,0,1,617.246244487537,"RaMCONms_fmm WCB"
"RaMCONms_fmm",15,"C","E","Grow w/o fire","Grow w/o fire",0,0,1,1257.35058861041,"RaMCONms_fmm WCB"
"RaMCONms_fmm",2,"E","D","Thin / low fire","None",1,0,0,1289.18606423025,"RaMCONms_fmm WEC"
"RaMCONms_fmm",7,"C","A","Regen / high fire","None",1,0,0,41884.9115305283,"RaMCONms_fmm WEC"
"RaMCONms_fmm",11,"C","D","Grow w/ fire","None",0,0,1,52595.818472069,"RaMCONms_fmm WEC"
"RaMCONms_fmm",7,"C","A","Regen / high fire","None",1,0,0,628.478231034101,"RaMCONms_fmm WNE"
"RaMCONms_fmm",11,"C","D","Grow w/ fire","None",0,0,1,746.313893429226,"RaMCONms_fmm WNE"
"RaMCONms_fmm",15,"C","E","Grow w/o fire","Grow w/o fire",0,0,1,1527.15332757767,"RaMCONms_fmm WNE"
"RaMCONms_fmm",16,"C","B","Regen / high fire","Grow w/o fire",0,1,0,984.034973450485,"RaMCONms_fmm WNE"
"RaMCONsw_fdm",1,"B","C","Thin / low fire","None",1,0,0,8294.06054762711,"RaMCONsw_fdm OSW"
"RaMCONsw_fdm",2,"E","D","Thin / low fire","None",1,0,0,4065.52905093137,"RaMCONsw_fdm OSW"
"RaMCONsw_fdm",3,"B","D","Thin / low fire","Grow w/ fire",0,1,0,115702.533806975,"RaMCONsw_fdm OSW"
"RaMCONsw_fdm",6,"B","A","Regen / high fire","None",1,0,0,6302.56810947834,"RaMCONsw_fdm OSW"
"RaMCONsw_fiw",1,"B","C","Thin / low fire","None",1,0,0,96.8109913208132,"RaMCONsw_fiw OEC"
"RaMCONsw_fiw",2,"E","D","Thin / low fire","None",1,0,0,98.0079474049411,"RaMCONsw_fiw OEC"
"RaMCONsw_fiw",3,"B","D","Thin / low fire","Grow w/ fire",0,1,0,532.229299756578,"RaMCONsw_fiw OEC"
"RaMCONsw_fiw",6,"B","A","Regen / high fire","None",1,0,0,131.780584800384,"RaMCONsw_fiw OEC"
"RaMCONsw_fiw",2,"E","D","Thin / low fire","None",1,0,0,108806.850855344,"RaMCONsw_fiw OSW"
"RaMCONsw_fiw",3,"B","D","Thin / low fire","Grow w/ fire",0,1,0,404240.248227692,"RaMCONsw_fiw OSW"
"RaMCONsw_fiw",6,"B","A","Regen / high fire","None",1,0,0,74069.3451431935,"RaMCONsw_fiw OSW"
"RaMCONsw_fvw",1,"B","C","Thin / low fire","None",1,0,0,1467.24906890381,"RaMCONsw_fvw OSW"
"RaMCONsw_fvw",2,"E","D","Thin / low fire","None",1,0,0,4503.08572779272,"RaMCONsw_fvw OSW"
"RaMCONsw_fvw",3,"B","D","Thin / low fire","Grow w/ fire",0,1,0,46713.9087542659,"RaMCONsw_fvw OSW"
"RaMCONsw_fvw",6,"B","A","Regen / high fire","None",1,0,0,3672.72147766709,"RaMCONsw_fvw OSW"
"RaMEVG_ftd",1,"B","C","Thin / low fire","None",1,0,0,125506.082007106,"RaMEVG_ftd OSW"
"RaMEVG_ftd",2,"E","D","Thin / low fire","None",1,0,0,54614.5409001465,"RaMEVG_ftd OSW"
"RaMEVG_ftd",5,"E","C","Overstory removal","None",1,0,0,46048.8311174028,"RaMEVG_ftd OSW"
"RaMEVG_ftd",9,"E","A","Regen / high fire","None",1,0,0,9072.71797993358,"RaMEVG_ftd OSW"
"RaMEVG_fuc",1,"B","C","Thin / low fire","None",1,0,0,5603.02083574207,"RaMEVG_fuc OSW"
"RaMEVG_fuc",2,"E","D","Thin / low fire","None",1,0,0,4572.29710223548,"RaMEVG_fuc OSW"
"RaMEVG_fuc",5,"E","C","Overstory removal","None",1,0,0,5704.76817680151,"RaMEVG_fuc OSW"
"RaMEVG_fuc",10,"A","C","Grow w/ fire","None",0,0,1,22126.0771929573,"RaMEVG_fuc OSW"
"RaOAPI_fop",1,"B","C","Thin / low fire","None",1,0,0,7252.45589123077,"RaOAPI_fop OEC"
"RaOAPI_fop",2,"E","D","Thin / low fire","None",1,0,0,24861.7592719318,"RaOAPI_fop OEC"
"RaOAPI_fop",6,"B","A","Regen / high fire","None",1,0,0,7331.84614105361,"RaOAPI_fop OEC"
"RaOAPI_fop",1,"B","C","Thin / low fire","None",1,0,0,214.306118759705,"RaOAPI_fop WEC"
"RaOAPI_fop",2,"E","D","Thin / low fire","None",1,0,0,1783.17148993478,"RaOAPI_fop WEC"
"RaOAPI_fop",6,"B","A","Regen / high fire","None",1,0,0,773.390561893436,"RaOAPI_fop WEC"
"RaOAPI_fop",9,"E","A","Regen / high fire","None",1,0,0,134.934046315906,"RaOAPI_fop WEC"
"RaPICOpu_fld",1,"B","A","Regen / high fire","None",1,0,0,14451.0415003141,"RaPICOpu_fld OEC"
"RaPICOpu_fld",6,"E","C","Overstory removal","None",1,0,0,1230.28947195389,"RaPICOpu_fld OEC"
"RaPICOpu_fld",7,"B","C","Thin / low fire","None",1,0,0,5890.32552959185,"RaPICOpu_fld OEC"
"RaPICOpu_fld",15,"B","D","Regen / high fire","Grow w/o fire",0,1,0,18731.4739959998,"RaPICOpu_fld OEC"
"RaPICOpu_flp",1,"B","A","Regen / high fire","None",1,0,0,4590.81986174768,"RaPICOpu_flp OSW"
"RaPICOpu_flp",6,"E","C","Overstory removal","None",1,0,0,3554.24234857707,"RaPICOpu_flp OSW"
"RaPICOpu_flp",7,"B","C","Thin / low fire","None",1,0,0,6629.83466135879,"RaPICOpu_flp OSW"
"RaPICOpu_flp",8,"E","D","Thin / low fire","None",1,0,0,2.27373675443232e-13,"RaPICOpu_flp OSW"
"RaPICOpu_flp",15,"B","D","Regen / high fire","Grow w/o fire",0,1,0,2179.28955141422,"RaPICOpu_flp OSW"
"RaPICOpu_flw",1,"B","A","Regen / high fire","None",1,0,0,4868.43633238376,"RaPICOpu_flw OEC"
"RaPICOpu_flw",6,"E","C","Overstory removal","None",1,0,0,4350.3539597244,"RaPICOpu_flw OEC"
"RaPICOpu_flw",7,"B","C","Thin / low fire","None",1,0,0,4205.99828553049,"RaPICOpu_flw OEC"
"RaPICOpu_flw",15,"B","D","Regen / high fire","Grow w/o fire",0,1,0,2983.80454079729,"RaPICOpu_flw OEC"
"RaPIJEsp_fjp",1,"B","C","Thin / low fire","None",1,0,0,8778.85736275406,"RaPIJEsp_fjp OSW"
"RaPIJEsp_fjp",2,"E","D","Thin / low fire","None",1,0,0,13240.99042757,"RaPIJEsp_fjp OSW"
"RaPIJEsp_fjp",3,"B","D","Thin / low fire","Grow w/ fire",0,1,0,8291.3774050527,"RaPIJEsp_fjp OSW"
"RaPIJEsp_fjp",18,"A","D","Grow w/ fire","Grow w/ fire",0,0,1,6418.4403707773,"RaPIJEsp_fjp OSW"
"RaPIPOm_fdp",1,"B","C","Thin / low fire","None",1,0,0,139878.892943644,"RaPIPOm_fdp OBM"
"RaPIPOm_fdp",2,"E","D","Thin / low fire","None",1,0,0,210668.715477391,"RaPIPOm_fdp OBM"
"RaPIPOm_fdp",3,"B","D","Thin / low fire","Grow w/ fire",0,1,0,91245.6845173911,"RaPIPOm_fdp OBM"
"RaPIPOm_fdp",1,"B","C","Thin / low fire","None",1,0,0,6496.6062835503,"RaPIPOm_fdp OEC"
"RaPIPOm_fdp",2,"E","D","Thin / low fire","None",1,0,0,3397.4230108366,"RaPIPOm_fdp OEC"
"RaPIPOm_fdp",3,"B","D","Thin / low fire","Grow w/ fire",0,1,0,6853.70475675044,"RaPIPOm_fdp OEC"
"RaPIPOm_fpd",1,"B","C","Thin / low fire","None",1,0,0,1328.96570312224,"RaPIPOm_fpd OBM"
"RaPIPOm_fpd",2,"E","D","Thin / low fire","None",1,0,0,1554.02158312673,"RaPIPOm_fpd OBM"
"RaPIPOm_fpd",3,"B","D","Thin / low fire","Grow w/ fire",0,1,0,563.030423532196,"RaPIPOm_fpd OBM"
"RaPIPOm_fpd",18,"A","D","Grow w/ fire","Grow w/ fire",0,0,1,1203.43373159584,"RaPIPOm_fpd OBM"
"RaPIPOm_fpd",1,"B","C","Thin / low fire","None",1,0,0,20.7407880318328,"RaPIPOm_fpd OEC"
"RaPIPOm_fpd",2,"E","D","Thin / low fire","None",1,0,0,3.19184675196847,"RaPIPOm_fpd OEC"
"RaPIPOm_fpd",3,"B","D","Thin / low fire","Grow w/ fire",0,1,0,18.6154906791207,"RaPIPOm_fpd OEC"
"RaPIPOm_fpd",6,"B","A","Regen / high fire","None",1,0,0,3.50826430615573,"RaPIPOm_fpd OEC"
"RaPIPOm_fpd",1,"B","C","Thin / low fire","None",1,0,0,14714.0831246387,"RaPIPOm_fpd OSW"
"RaPIPOm_fpd",2,"E","D","Thin / low fire","None",1,0,0,12460.3754500101,"RaPIPOm_fpd OSW"
"RaPIPOm_fpd",3,"B","D","Thin / low fire","Grow w/ fire",0,1,0,13207.8601451994,"RaPIPOm_fpd OSW"
"RaPIPOm_fpd",1,"B","C","Thin / low fire","None",1,0,0,7505.19285063456,"RaPIPOm_fpd WCB"
"RaPIPOm_fpd",2,"E","D","Thin / low fire","None",1,0,0,2438.84021997558,"RaPIPOm_fpd WCB"
"RaPIPOm_fpd",3,"B","D","Thin / low fire","Grow w/ fire",0,1,0,18203.8497967141,"RaPIPOm_fpd WCB"
"RaPIPOm_fpd",18,"A","D","Grow w/ fire","Grow w/ fire",0,0,1,4414.6932255065,"RaPIPOm_fpd WCB"
"RaPIPOm_fpd",1,"B","C","Thin / low fire","None",1,0,0,37401.0113752726,"RaPIPOm_fpd WEC"
"RaPIPOm_fpd",2,"E","D","Thin / low fire","None",1,0,0,32883.0900528227,"RaPIPOm_fpd WEC"
"RaPIPOm_fpd",3,"B","D","Thin / low fire","Grow w/ fire",0,1,0,2453.45659379517,"RaPIPOm_fpd WEC"
"RaPIPOm_fpd",18,"A","D","Grow w/ fire","Grow w/ fire",0,0,1,8937.8098864419,"RaPIPOm_fpd WEC"
"RaPIPOm_fpd",1,"B","C","Thin / low fire","None",1,0,0,65197.2359613269,"RaPIPOm_fpd WNE"
"RaPIPOm_fpd",2,"E","D","Thin / low fire","None",1,0,0,56540.6119442559,"RaPIPOm_fpd WNE"
"RaPIPOm_fpd",3,"B","D","Thin / low fire","Grow w/ fire",0,1,0,39374.9288866841,"RaPIPOm_fpd WNE"
"RaPIPOm_fpl",1,"B","C","Thin / low fire","None",1,0,0,140796.890377744,"RaPIPOm_fpl OEC"
"RaPIPOm_fpl",2,"E","D","Thin / low fire","None",1,0,0,134633.619595455,"RaPIPOm_fpl OEC"
"RaPIPOm_fpl",3,"B","D","Thin / low fire","Grow w/ fire",0,1,0,179550.99130729,"RaPIPOm_fpl OEC"
"RaPIPOxe_fpd",3,"B","D","Thin / low fire","Grow w/ fire",0,1,0,2.98182219184661,"RaPIPOxe_fpd OBM"
"RaPIPOxe_fpd",11,"C","D","Grow w/ fire","None",0,0,1,0.396663451790074,"RaPIPOxe_fpd OBM"
"RaPIPOxe_fpd",19,"A","D","Grow w/ fire","Grow w/ fire",0,0,1,5.7948624543603,"RaPIPOxe_fpd OBM"
"RaPIPOxe_fpd",1,"B","C","Thin / low fire","None",1,0,0,4693.32324425134,"RaPIPOxe_fpd OEC"
"RaPIPOxe_fpd",2,"E","D","Thin / low fire","None",1,0,0,39324.3271804272,"RaPIPOxe_fpd OEC"
"RaPIPOxe_fpd",3,"B","D","Thin / low fire","Grow w/ fire",0,1,0,219702.330372517,"RaPIPOxe_fpd OEC"
"RaPIPOxe_fpd",6,"B","A","Regen / high fire","None",1,0,0,58347.8136006623,"RaPIPOxe_fpd OEC"
"RaPIPOxe_fpd",3,"B","D","Thin / low fire","Grow w/ fire",0,1,0,261.726821882987,"RaPIPOxe_fpd OSE"
"RaPIPOxe_fpd",7,"C","A","Regen / high fire","None",1,0,0,289.248918452716,"RaPIPOxe_fpd OSE"
"RaPIPOxe_fpd",11,"C","D","Grow w/ fire","None",0,0,1,413.770944025959,"RaPIPOxe_fpd OSE"
"RaPIPOxe_fxp",2,"E","D","Thin / low fire","None",1,0,0,19886.7448870721,"RaPIPOxe_fxp OBM"
"RaPIPOxe_fxp",3,"B","D","Thin / low fire","Grow w/ fire",0,1,0,184390.789113222,"RaPIPOxe_fxp OBM"
"RaPIPOxe_fxp",6,"B","A","Regen / high fire","None",1,0,0,8739.72333278771,"RaPIPOxe_fxp OBM"
"RaPIPOxe_fxp",7,"C","A","Regen / high fire","None",1,0,0,8876.39938029353,"RaPIPOxe_fxp OBM"
"RaPIPOxe_fxp",2,"E","D","Thin / low fire","None",1,0,0,22215.4254633452,"RaPIPOxe_fxp OEC"
"RaPIPOxe_fxp",3,"B","D","Thin / low fire","Grow w/ fire",0,1,0,170541.241679304,"RaPIPOxe_fxp OEC"
"RaPIPOxe_fxp",7,"C","A","Regen / high fire","None",1,0,0,13325.7595418371,"RaPIPOxe_fxp OEC"
"RaPIPOxe_fxp",11,"C","D","Grow w/ fire","None",0,0,1,9540.68999346383,"RaPIPOxe_fxp OEC"
"RaPIPOxe_fxp",3,"B","D","Thin / low fire","Grow w/ fire",0,1,0,3534.61642057372,"RaPIPOxe_fxp OSE"
"RaPIPOxe_fxp",11,"C","D","Grow w/ fire","None",0,0,1,4475.65374185335,"RaPIPOxe_fxp OSE"
"RaPIPOxe_fxp",19,"A","D","Grow w/ fire","Grow w/ fire",0,0,1,4929.16107144485,"RaPIPOxe_fxp OSE"
"RaREFI_fcw",1,"B","C","Thin / low fire","None",1,0,0,621.791824854353,"RaREFI_fcw OEC"
"RaREFI_fcw",2,"E","D","Thin / low fire","None",1,0,0,441.724132043117,"RaREFI_fcw OEC"
"RaREFI_fcw",3,"B","D","Thin / low fire","Grow w/ fire",0,1,0,3577.83162775506,"RaREFI_fcw OEC"
"RaREFI_fcw",6,"B","A","Regen / high fire","None",1,0,0,903.606837611297,"RaREFI_fcw OEC"
"RaREFI_fcw",1,"B","C","Thin / low fire","None",1,0,0,2147.02882491402,"RaREFI_fcw OSW"
"RaREFI_fcw",2,"E","D","Thin / low fire","None",1,0,0,5634.62346493579,"RaREFI_fcw OSW"
"RaREFI_fcw",3,"B","D","Thin / low fire","Grow w/ fire",0,1,0,33184.6374178293,"RaREFI_fcw OSW"
"RaREFI_frf",3,"B","D","Thin / low fire","Grow w/ fire",0,1,0,11018.7703253055,"RaREFI_frf OEC"
"RaREFI_frf",6,"B","A","Regen / high fire","None",1,0,0,1012.47354451644,"RaREFI_frf OEC"
"RaREFI_frf",13,"B","E","Grow w/o fire","None",0,0,1,9787.42215972432,"RaREFI_frf OEC"
"RaREFI_frm",1,"B","C","Thin / low fire","None",1,0,0,2997.82549145548,"RaREFI_frm OEC"
"RaREFI_frm",2,"E","D","Thin / low fire","None",1,0,0,6067.60840161664,"RaREFI_frm OEC"
"RaREFI_frm",3,"B","D","Thin / low fire","Grow w/ fire",0,1,0,382.275240897998,"RaREFI_frm OEC"
"RaREFI_frm",6,"B","A","Regen / high fire","None",1,0,0,1716.57686723233,"RaREFI_frm OEC"
"RaREFI_frm",1,"B","C","Thin / low fire","None",1,0,0,3134.89085189183,"RaREFI_frm OSW"
"RaREFI_frm",2,"E","D","Thin / low fire","None",1,0,0,3131.36512549456,"RaREFI_frm OSW"
"RaREFI_frm",3,"B","D","Thin / low fire","Grow w/ fire",0,1,0,7027.57203173254,"RaREFI_frm OSW"
"RaREFI_frm",6,"B","A","Regen / high fire","None",1,0,0,1582.68100020706,"RaREFI_frm OSW"
"RaSAWD_fal",1,"B","C","Thin / low fire","None",1,0,0,24709.890295135,"RaSAWD_fal OEC"
"RaSAWD_fal",3,"A","C","Grow w/ fire","None",0,0,1,534.941129079165,"RaSAWD_fal OEC"
"RaSAWD_fal",1,"B","C","Thin / low fire","None",1,0,0,11333.4770507675,"RaSAWD_fal OSW"
"RaSAWD_fal",2,"B","A","Regen / high fire","None",1,0,0,2028.23595301003,"RaSAWD_fal OSW"
"RaSAWD_fal",1,"B","C","Thin / low fire","None",1,0,0,60785.2887185655,"RaSAWD_fal WEC"
"RaSAWD_fal",3,"A","C","Grow w/ fire","None",0,0,1,64200.7603081804,"RaSAWD_fal WEC"
"RaSAWD_fal",1,"B","C","Thin / low fire","None",1,0,0,6799.49576868021,"RaSAWD_fal WNE"
"RaSAWD_fal",3,"A","C","Grow w/ fire","None",0,0,1,63522.0126659107,"RaSAWD_fal WNE"
"RaSAWD_fsw",1,"B","C","Thin / low fire","None",1,0,0,14936.4162176425,"RaSAWD_fsw OBM"
"RaSAWD_fsw",3,"A","C","Grow w/ fire","None",0,0,1,4348.53624541549,"RaSAWD_fsw OBM"
"RaSAWD_fsw",1,"B","C","Thin / low fire","None",1,0,0,7.05948595058305,"RaSAWD_fsw OEC"
"RaSAWD_fsw",3,"A","C","Grow w/ fire","None",0,0,1,7.27386690428061,"RaSAWD_fsw OEC"
"RaSPFI_fcd",1,"A","B","Regen / high fire","None",1,0,0,14680.1710632676,"RaSPFI_fcd OBM"
"RaSPFI_fcd",4,"C","B","Regen / high fire","None",1,0,0,59093.9227016726,"RaSPFI_fcd OBM"
"RaSPFI_fcd",8,"E","B","Regen / high fire","None",1,0,0,1172.5320376372,"RaSPFI_fcd OBM"
"RaSPFI_fcd",9,"E","D","Overstory removal","None",1,0,0,22932.0561676413,"RaSPFI_fcd OBM"
"RaSPFI_fcd",3,"C","A","Regen / high fire","None",1,0,0,5.37525567888355,"RaSPFI_fcd OEC"
"RaSPFI_fcd",4,"C","B","Regen / high fire","None",1,0,0,68.9928094622852,"RaSPFI_fcd OEC"
"RaSPFI_fcd",13,"C","D","Grow w/o fire","None",0,0,1,56.1589602426317,"RaSPFI_fcd OEC"
"RaSPFI_fcd",3,"C","A","Regen / high fire","None",1,0,0,1.4673549643709,"RaSPFI_fcd WCB"
"RaSPFI_fcd",4,"C","B","Regen / high fire","None",1,0,0,9.41142798396602,"RaSPFI_fcd WCB"
"RaSPFI_fcd",9,"E","D","Overstory removal","None",1,0,0,13.0915868191764,"RaSPFI_fcd WCB"
"RaSPFI_fcd",1,"A","B","Regen / high fire","None",1,0,0,51410.4610698233,"RaSPFI_fcd WNE"
"RaSPFI_fcd",4,"C","B","Regen / high fire","None",1,0,0,92033.4512892158,"RaSPFI_fcd WNE"
"RaSPFI_fcd",13,"C","D","Grow w/o fire","None",0,0,1,68627.5814602073,"RaSPFI_fcd WNE"
"RaSPFI_fmz",4,"C","B","Regen / high fire","None",1,0,0,33863.4329176829,"RaSPFI_fmz OEC"
"RaSPFI_fmz",14,"C","E","Grow w/o fire","None",0,0,1,3872.88792355958,"RaSPFI_fmz OEC"
"RaSSHE_fss",7,"A","C","Grow w/o fire","None",0,0,1,2.99308181940581,"RaSSHE_fss OSW"
"RaSSHE_fss",8,"B","E","Grow w/o fire","None",0,0,1,14240.8942785396,"RaSSHE_fss OSW"
"RaSSHE_fss",18,"A","D","Grow w/o fire","Thin / low fire",0,1,0,873.2527928718,"RaSSHE_fss OSW"
"RaSSHE_fss",19,"A","E","Grow w/o fire","Grow w/o fire",0,0,1,3351.277227192,"RaSSHE_fss OSW"
"RaSSHE_fss",7,"A","C","Grow w/o fire","None",0,0,1,0.78158159247314,"RaSSHE_fss ZoneNull"
"RaSSHE_fss",8,"B","E","Grow w/o fire","None",0,0,1,4197.28250970388,"RaSSHE_fss ZoneNull"
"RaSSHE_fss",10,"D","E","Grow w/o fire","None",0,0,1,453.775520717886,"RaSSHE_fss ZoneNull"
"RaSSHE_fss",19,"A","E","Grow w/o fire","Grow w/o fire",0,0,1,76.7674742795541,"RaSSHE_fss ZoneNull"
"RaTAOAco_ftm",1,"B","C","Thin / low fire","None",1,0,0,161139.822249464,"RaTAOAco_ftm OSW"
"RaTAOAco_ftm",2,"E","D","Thin / low fire","None",1,0,0,114311.618071808,"RaTAOAco_ftm OSW"
"RaTAOAco_ftm",5,"E","C","Overstory removal","None",1,0,0,57575.8300242797,"RaTAOAco_ftm OSW"
"RaTAOAco_fto",1,"B","C","Thin / low fire","None",1,0,0,3377.82281774437,"RaTAOAco_fto OSW"
"RaTAOAco_fto",2,"E","D","Thin / low fire","None",1,0,0,3827.40805890342,"RaTAOAco_fto OSW"
"RaTAOAco_fto",5,"E","C","Overstory removal","None",1,0,0,2571.07933653144,"RaTAOAco_fto OSW"
"RaTAOAco_fto",10,"A","C","Grow w/ fire","None",0,0,1,3697.1692622369,"RaTAOAco_fto OSW"
