"BpS_Code","Order","Donate","Receive","Primary","Secondary","ActiveOnly","ActivePassive","PassiveOnly","REST_ACRES","strataID"
"Na0210290_fwo",1,"B","C","Thin / low fire","None",1,0,0,4528.11725222243,"2011_Na0210290_fwo"
"Na0210290_fwo",2,"E","D","Thin / low fire","None",1,0,0,39248.0037939837,"2011_Na0210290_fwo"
"Na0210290_fwo",3,"B","D","Thin / low fire","Grow w/ fire",0,1,0,40245.6429083557,"2011_Na0210290_fwo"
"Na0210290_fwo",18,"A","D","Grow w/ fire","Grow w/ fire",0,0,1,4614.97755359695,"2011_Na0210290_fwo"
"Na0710270_fdd",1,"B","C","Thin / low fire","None",1,0,0,6546.9243176888,"2011_Na0710270_fdd"
"Na0710270_fdd",3,"B","D","Thin / low fire","Grow w/ fire",0,1,0,612940.718196575,"2011_Na0710270_fdd"
"Na0710270_fdd",13,"B","E","Grow w/o fire","None",0,0,1,134940.535117463,"2011_Na0710270_fdd"
"Na0710412_fmc",1,"B","A","Regen / high fire","None",1,0,0,161.423563986083,"2011_Na0710412_fmc"
"Na0710412_fmc",3,"D","A","Regen / high fire","None",1,0,0,515.910444627983,"2011_Na0710412_fmc"
"Na0710412_fmc",5,"D","C","Overstory removal","None",1,0,0,1558.96353557358,"2011_Na0710412_fmc"
"Na0710412_fmc",6,"E","C","Overstory removal","None",1,0,0,735.136260416362,"2011_Na0710412_fmc"
"Na0710412_fmh",1,"B","A","Regen / high fire","None",1,0,0,7357.18347043975,"2011_Na0710412_fmh"
"Na0710412_fmh",3,"D","A","Regen / high fire","None",1,0,0,26261.8784640067,"2011_Na0710412_fmh"
"Na0710412_fmh",5,"D","C","Overstory removal","None",1,0,0,5239.40870120749,"2011_Na0710412_fmh"
"Na0710412_fmh",11,"D","E","Grow w/o fire","None",0,0,1,214527.70069802,"2011_Na0710412_fmh"
"Na0710412_fmi",5,"D","C","Overstory removal","None",1,0,0,4176.73793698186,"2011_Na0710412_fmi"
"Na0710412_fmi",9,"A","B","Grow w/o fire","None",0,0,1,289.720758558561,"2011_Na0710412_fmi"
"Na0710412_fmi",15,"D","B","Regen / high fire","Grow w/o fire",0,1,0,683.695785839117,"2011_Na0710412_fmi"
"Na1010471_frn",11,"C","D","Grow w/ fire","None",0,0,1,33446.4313766423,"2011_Na1010471_frn"
"Na1010471_frn",19,"A","E","Grow w/o fire","Grow w/o fire",0,0,1,52834.6313480611,"2011_Na1010471_frn"
"Na1010471_frn",20,"C","E","Grow w/o fire","Grow w/o fire",0,0,1,128795.53168886,"2011_Na1010471_frn"
"R1RFWF_fcw",2,"E","D","Thin / low fire","None",1,0,0,15705.235130978,"2011_R1RFWF_fcw"
"R1RFWF_fcw",5,"E","C","Overstory removal","None",1,0,0,4915.79200018829,"2011_R1RFWF_fcw"
"R1RFWF_fcw",9,"E","A","Regen / high fire","None",1,0,0,1479.86004267483,"2011_R1RFWF_fcw"
"R1RFWF_fcw",17,"E","B","Regen / high fire","Grow w/o fire",0,1,0,10124.3270852048,"2011_R1RFWF_fcw"
"RaABAMlw_fsi",14,"C","E","Grow w/o fire","None",0,0,1,135760.933301227,"2011_RaABAMlw_fsi"
"RaABAMlw_fsw",1,"B","C","Thin / low fire","None",1,0,0,106.352677627209,"2011_RaABAMlw_fsw"
"RaABAMlw_fsw",3,"B","D","Thin / low fire","Grow w/ fire",0,1,0,309.748088428244,"2011_RaABAMlw_fsw"
"RaABAMlw_fsw",6,"B","A","Regen / high fire","None",1,0,0,585.86802473734,"2011_RaABAMlw_fsw"
"RaABAMlw_fsw",13,"B","E","Grow w/o fire","None",0,0,1,990.972785646955,"2011_RaABAMlw_fsw"
"RaABAMlw_fwc",7,"C","A","Regen / high fire","None",1,0,0,127.581187752347,"2011_RaABAMlw_fwc"
"RaABAMlw_fwc",11,"C","D","Grow w/ fire","None",0,0,1,67.4521007413084,"2011_RaABAMlw_fwc"
"RaABAMlw_fwc",14,"C","E","Grow w/o fire","None",0,0,1,604.029729279251,"2011_RaABAMlw_fwc"
"RaABAMlw_fwc",16,"C","B","Regen / high fire","Grow w/o fire",0,1,0,208.531436220077,"2011_RaABAMlw_fwc"
"RaABLA_faf",1,"B","A","Regen / high fire","None",1,0,0,480.73903473857,"2011_RaABLA_faf"
"RaABLA_faf",7,"B","C","Thin / low fire","None",1,0,0,11.5792053829614,"2011_RaABLA_faf"
"RaABLA_faf",10,"B","E","Grow w/o fire","None",0,0,1,2115.24803373464,"2011_RaABLA_faf"
"RaABLA_faf",18,"B","D","Thin / low fire","Grow w/ fire",0,1,0,59.4911549222879,"2011_RaABLA_faf"
"RaDFHEdy_fwi",14,"C","E","Grow w/o fire","None",0,0,1,10672.0157580649,"2011_RaDFHEdy_fwi"
"RaDFHEdy_fwi",15,"D","E","Grow w/o fire","None",0,0,1,14098.3769394716,"2011_RaDFHEdy_fwi"
"RaDFHEdy_fwi",20,"A","E","Grow w/o fire","Grow w/o fire",0,0,1,46994.7928987945,"2011_RaDFHEdy_fwi"
"RaDFHEdy_fwx",12,"A","B","Grow w/o fire","None",0,0,1,951.574690623306,"2011_RaDFHEdy_fwx"
"RaDFHEdy_fwx",15,"D","E","Grow w/o fire","None",0,0,1,1198.01676757627,"2011_RaDFHEdy_fwx"
"RaDFHEdy_fwx",17,"D","B","Regen / high fire","Grow w/o fire",0,1,0,6664.32918315444,"2011_RaDFHEdy_fwx"
"RaDFHEwt_fdm",2,"C","A","Regen / high fire","None",1,0,0,37.7266084594875,"2011_RaDFHEwt_fdm"
"RaDFHEwt_fdm",11,"C","E","Grow w/o fire","None",0,0,1,827.095695615729,"2011_RaDFHEwt_fdm"
"RaDFHEwt_fdm",14,"C","D","Grow w/ fire","None",0,0,1,26.4042885784869,"2011_RaDFHEwt_fdm"
"RaDFHEwt_fdm",15,"C","B","Regen / high fire","Grow w/o fire",0,1,0,170.247863799173,"2011_RaDFHEwt_fdm"
"RaDFHEwt_fhc",10,"B","E","Grow w/o fire","None",0,0,1,12741.7233103604,"2011_RaDFHEwt_fhc"
"RaDFHEwt_fhc",11,"C","E","Grow w/o fire","None",0,0,1,6145.60783131831,"2011_RaDFHEwt_fhc"
"RaDFHEwt_fhc",14,"C","D","Grow w/ fire","None",0,0,1,4.54747350886464e-13,"2011_RaDFHEwt_fhc"
"RaDFHEwt_fhc",19,"A","E","Grow w/o fire","Grow w/o fire",0,0,1,2182.85288380846,"2011_RaDFHEwt_fhc"
"RaDFHEwt_fhc",20,"A","D","Grow w/ fire","Grow w/ fire",0,0,1,800.6560099178,"2011_RaDFHEwt_fhc"
"RaDFHEwt_fwm",10,"B","E","Grow w/o fire","None",0,0,1,15139.2105809204,"2011_RaDFHEwt_fwm"
"RaDFHEwt_fwm",11,"C","E","Grow w/o fire","None",0,0,1,32485.5223244755,"2011_RaDFHEwt_fwm"
"RaDFHEwt_fwm",12,"D","E","Grow w/o fire","None",0,0,1,5814.14452622307,"2011_RaDFHEwt_fwm"
"RaDFHEwt_fwm",19,"A","E","Grow w/o fire","Grow w/o fire",0,0,1,34828.6104525963,"2011_RaDFHEwt_fwm"
"RaDFHEwt_fwn",10,"B","E","Grow w/o fire","None",0,0,1,18497.2467775156,"2011_RaDFHEwt_fwn"
"RaDFHEwt_fwn",11,"C","E","Grow w/o fire","None",0,0,1,39126.9883190716,"2011_RaDFHEwt_fwn"
"RaDFHEwt_fwn",12,"D","E","Grow w/o fire","None",0,0,1,617.051672401512,"2011_RaDFHEwt_fwn"
"RaDFHEwt_fwn",19,"A","E","Grow w/o fire","Grow w/o fire",0,0,1,38128.7821034007,"2011_RaDFHEwt_fwn"
"RaDFHEwt_fww",2,"C","A","Regen / high fire","None",1,0,0,224.898196875024,"2011_RaDFHEwt_fww"
"RaDFHEwt_fww",11,"C","E","Grow w/o fire","None",0,0,1,2946.39283902739,"2011_RaDFHEwt_fww"
"RaDFHEwt_fww",14,"C","D","Grow w/ fire","None",0,0,1,157.402881773649,"2011_RaDFHEwt_fww"
"RaDFHEwt_fww",15,"C","B","Regen / high fire","Grow w/o fire",0,1,0,1014.89211868526,"2011_RaDFHEwt_fww"
"RaDFWV_fwx",2,"E","D","Thin / low fire","None",1,0,0,4064.79287133175,"2011_RaDFWV_fwx"
"RaDFWV_fwx",5,"E","C","Overstory removal","None",1,0,0,1423.54471803477,"2011_RaDFWV_fwx"
"RaDFWV_fwx",9,"E","A","Regen / high fire","None",1,0,0,2245.07316299371,"2011_RaDFWV_fwx"
"RaDFWV_fwx",18,"E","B","Regen / high fire","Grow w/o fire",0,1,0,3001.36874761147,"2011_RaDFWV_fwx"
"RaMCONdy_fdd",3,"B","D","Thin / low fire","Grow w/ fire",0,1,0,1427754.63453589,"2011_RaMCONdy_fdd"
"RaMCONdy_fdd",11,"C","D","Grow w/ fire","None",0,0,1,465605.45806905,"2011_RaMCONdy_fdd"
"RaMCONdy_fdd",13,"B","E","Grow w/o fire","None",0,0,1,2.91038304567337e-11,"2011_RaMCONdy_fdd"
"RaMCONdy_fdd",19,"A","D","Grow w/ fire","Grow w/ fire",0,0,1,25692.293365275,"2011_RaMCONdy_fdd"
"RaMCONdy_fdd",20,"A","E","Grow w/o fire","Grow w/o fire",0,0,1,220686.187443062,"2011_RaMCONdy_fdd"
"RaMCONdy_fdg",3,"B","D","Thin / low fire","Grow w/ fire",0,1,0,263463.998055063,"2011_RaMCONdy_fdg"
"RaMCONdy_fdg",11,"C","D","Grow w/ fire","None",0,0,1,73045.7049404283,"2011_RaMCONdy_fdg"
"RaMCONdy_fdx",2,"E","D","Thin / low fire","None",1,0,0,714.496140440791,"2011_RaMCONdy_fdx"
"RaMCONdy_fdx",5,"E","C","Overstory removal","None",1,0,0,537.243899931346,"2011_RaMCONdy_fdx"
"RaMCONdy_fdx",9,"E","A","Regen / high fire","None",1,0,0,217.960049869112,"2011_RaMCONdy_fdx"
"RaMCONdy_fdx",18,"E","B","Regen / high fire","Grow w/o fire",0,1,0,3.38816668962486,"2011_RaMCONdy_fdx"
"RaMCONdy_fmd",3,"B","D","Thin / low fire","Grow w/ fire",0,1,0,651268.635348092,"2011_RaMCONdy_fmd"
"RaMCONdy_fmd",11,"C","D","Grow w/ fire","None",0,0,1,20940.4974809511,"2011_RaMCONdy_fmd"
"RaMCONdy_fmd",19,"A","D","Grow w/ fire","Grow w/ fire",0,0,1,164122.260071054,"2011_RaMCONdy_fmd"
"RaMCONdy_fmx",3,"B","D","Thin / low fire","Grow w/ fire",0,1,0,125364.228353729,"2011_RaMCONdy_fmx"
"RaMCONdy_fmx",11,"C","D","Grow w/ fire","None",0,0,1,73751.929450087,"2011_RaMCONdy_fmx"
"RaMCONdy_fmx",19,"A","D","Grow w/ fire","Grow w/ fire",0,0,1,10247.1995753433,"2011_RaMCONdy_fmx"
"RaMCONdy_fmx",20,"A","E","Grow w/o fire","Grow w/o fire",0,0,1,7236.03393637933,"2011_RaMCONdy_fmx"
"RaMCONms_fcm",12,"A","B","Grow w/o fire","None",0,0,1,127145.527972255,"2011_RaMCONms_fcm"
"RaMCONms_fcm",15,"C","E","Grow w/o fire","Grow w/o fire",0,0,1,181353.262171098,"2011_RaMCONms_fcm"
"RaMCONms_fcm",16,"C","B","Regen / high fire","Grow w/o fire",0,1,0,534571.966394127,"2011_RaMCONms_fcm"
"RaMCONms_fmm",11,"C","D","Grow w/ fire","None",0,0,1,23175.3545362425,"2011_RaMCONms_fmm"
"RaMCONms_fmm",12,"A","B","Grow w/o fire","None",0,0,1,21373.0447832868,"2011_RaMCONms_fmm"
"RaMCONms_fmm",15,"C","E","Grow w/o fire","Grow w/o fire",0,0,1,11321.2699708372,"2011_RaMCONms_fmm"
"RaMCONms_fmm",16,"C","B","Regen / high fire","Grow w/o fire",0,1,0,389577.565076878,"2011_RaMCONms_fmm"
"RaMCONsw_fdm",1,"B","C","Thin / low fire","None",1,0,0,2248.24255864532,"2011_RaMCONsw_fdm"
"RaMCONsw_fdm",2,"E","D","Thin / low fire","None",1,0,0,42330.8766809811,"2011_RaMCONsw_fdm"
"RaMCONsw_fdm",3,"B","D","Thin / low fire","Grow w/ fire",0,1,0,40370.6402583634,"2011_RaMCONsw_fdm"
"RaMCONsw_fdm",6,"B","A","Regen / high fire","None",1,0,0,12550.9195215848,"2011_RaMCONsw_fdm"
"RaMCONsw_fiw",2,"E","D","Thin / low fire","None",1,0,0,250198.065089778,"2011_RaMCONsw_fiw"
"RaMCONsw_fiw",3,"B","D","Thin / low fire","Grow w/ fire",0,1,0,213011.910140902,"2011_RaMCONsw_fiw"
"RaMCONsw_fiw",6,"B","A","Regen / high fire","None",1,0,0,1289.65932036957,"2011_RaMCONsw_fiw"
"RaMCONsw_fvw",2,"E","D","Thin / low fire","None",1,0,0,7654.42760697851,"2011_RaMCONsw_fvw"
"RaMCONsw_fvw",3,"B","D","Thin / low fire","Grow w/ fire",0,1,0,30718.2213173276,"2011_RaMCONsw_fvw"
"RaMCONsw_fvw",11,"C","D","Grow w/ fire","None",0,0,1,1956.6238756617,"2011_RaMCONsw_fvw"
"RaMEVG_ftd",1,"B","C","Thin / low fire","None",1,0,0,62505.3754025805,"2011_RaMEVG_ftd"
"RaMEVG_ftd",2,"E","D","Thin / low fire","None",1,0,0,34827.248241574,"2011_RaMEVG_ftd"
"RaMEVG_ftd",5,"E","C","Overstory removal","None",1,0,0,73972.2334895906,"2011_RaMEVG_ftd"
"RaMEVG_fuc",2,"E","D","Thin / low fire","None",1,0,0,5459.31009535859,"2011_RaMEVG_fuc"
"RaMEVG_fuc",10,"A","C","Grow w/ fire","None",0,0,1,19426.4851286062,"2011_RaMEVG_fuc"
"RaMEVG_fuc",12,"A","B","Grow w/o fire","None",0,0,1,4578.33968139711,"2011_RaMEVG_fuc"
"RaMEVG_fuc",19,"A","D","Grow w/ fire","Grow w/ fire",0,0,1,3083.86589822547,"2011_RaMEVG_fuc"
"RaOAPI_fop",1,"B","C","Thin / low fire","None",1,0,0,6942.01375337935,"2011_RaOAPI_fop"
"RaOAPI_fop",2,"E","D","Thin / low fire","None",1,0,0,12699.3601629787,"2011_RaOAPI_fop"
"RaOAPI_fop",3,"B","D","Thin / low fire","Grow w/ fire",0,1,0,4.54747350886464e-13,"2011_RaOAPI_fop"
"RaOAPI_fop",5,"E","C","Overstory removal","None",1,0,0,4.54747350886464e-13,"2011_RaOAPI_fop"
"RaOAPI_fop",10,"A","C","Grow w/ fire","None",0,0,1,2259.70591799717,"2011_RaOAPI_fop"
"RaOAPI_fop",19,"A","D","Grow w/ fire","Grow w/ fire",0,0,1,4670.37690970437,"2011_RaOAPI_fop"
"RaPICOpu_fld",9,"A","B","Grow w/o fire","None",0,0,1,28664.3234978309,"2011_RaPICOpu_fld"
"RaPICOpu_fld",14,"A","D","Grow w/ fire","None",0,0,1,21825.1932983993,"2011_RaPICOpu_fld"
"RaPICOpu_fld",16,"C","D","Regen / high fire","Grow w/o fire",0,1,0,4235.01332261404,"2011_RaPICOpu_fld"
"RaPICOpu_fld",19,"C","E","Grow w/o fire","Grow w/o fire",0,0,1,9690.99194954394,"2011_RaPICOpu_fld"
"RaPICOpu_flp",1,"B","A","Regen / high fire","None",1,0,0,2427.28304031824,"2011_RaPICOpu_flp"
"RaPICOpu_flp",6,"E","C","Overstory removal","None",1,0,0,2320.23649125905,"2011_RaPICOpu_flp"
"RaPICOpu_flp",7,"B","C","Thin / low fire","None",1,0,0,5821.03718362272,"2011_RaPICOpu_flp"
"RaPICOpu_flp",15,"B","D","Regen / high fire","Grow w/o fire",0,1,0,3244.39666484425,"2011_RaPICOpu_flp"
"RaPICOpu_flw",6,"E","C","Overstory removal","None",1,0,0,5300.94255174866,"2011_RaPICOpu_flw"
"RaPICOpu_flw",8,"E","D","Thin / low fire","None",1,0,0,4.54747350886464e-13,"2011_RaPICOpu_flw"
"RaPICOpu_flw",9,"A","B","Grow w/o fire","None",0,0,1,3858.80480108144,"2011_RaPICOpu_flw"
"RaPICOpu_flw",13,"A","C","Grow w/ fire","None",0,0,1,2311.38951808868,"2011_RaPICOpu_flw"
"RaPICOpu_flw",14,"A","D","Grow w/ fire","None",0,0,1,4492.45076240275,"2011_RaPICOpu_flw"
"RaPIJEsp_fjp",1,"B","C","Thin / low fire","None",1,0,0,2499.9087291808,"2011_RaPIJEsp_fjp"
"RaPIJEsp_fjp",2,"E","D","Thin / low fire","None",1,0,0,12493.4383241588,"2011_RaPIJEsp_fjp"
"RaPIJEsp_fjp",5,"E","C","Overstory removal","None",1,0,0,4.54747350886464e-13,"2011_RaPIJEsp_fjp"
"RaPIJEsp_fjp",10,"A","C","Grow w/ fire","None",0,0,1,12486.6264467022,"2011_RaPIJEsp_fjp"
"RaPIJEsp_fjp",18,"A","D","Grow w/ fire","Grow w/ fire",0,0,1,5330.98801013293,"2011_RaPIJEsp_fjp"
"RaPIPOm_fdp",1,"B","C","Thin / low fire","None",1,0,0,157214.228045866,"2011_RaPIPOm_fdp"
"RaPIPOm_fdp",2,"E","D","Thin / low fire","None",1,0,0,167114.28340959,"2011_RaPIPOm_fdp"
"RaPIPOm_fdp",3,"B","D","Thin / low fire","Grow w/ fire",0,1,0,22765.0794538726,"2011_RaPIPOm_fdp"
"RaPIPOm_fdp",18,"A","D","Grow w/ fire","Grow w/ fire",0,0,1,36458.6529020259,"2011_RaPIPOm_fdp"
"RaPIPOm_fpd",1,"B","C","Thin / low fire","None",1,0,0,68459.9522457861,"2011_RaPIPOm_fpd"
"RaPIPOm_fpd",2,"E","D","Thin / low fire","None",1,0,0,50088.101688349,"2011_RaPIPOm_fpd"
"RaPIPOm_fpd",10,"A","C","Grow w/ fire","None",0,0,1,9582.79558134763,"2011_RaPIPOm_fpd"
"RaPIPOm_fpd",18,"A","D","Grow w/ fire","Grow w/ fire",0,0,1,45152.2967854463,"2011_RaPIPOm_fpd"
"RaPIPOm_fpl",1,"B","C","Thin / low fire","None",1,0,0,69701.1966323223,"2011_RaPIPOm_fpl"
"RaPIPOm_fpl",2,"E","D","Thin / low fire","None",1,0,0,77838.0867550657,"2011_RaPIPOm_fpl"
"RaPIPOm_fpl",3,"B","D","Thin / low fire","Grow w/ fire",0,1,0,111899.021117763,"2011_RaPIPOm_fpl"
"RaPIPOm_fpl",18,"A","D","Grow w/ fire","Grow w/ fire",0,0,1,91687.9927508238,"2011_RaPIPOm_fpl"
"RaPIPOxe_fpd",2,"E","D","Thin / low fire","None",1,0,0,17096.7928295021,"2011_RaPIPOxe_fpd"
"RaPIPOxe_fpd",3,"B","D","Thin / low fire","Grow w/ fire",0,1,0,233313.240730036,"2011_RaPIPOxe_fpd"
"RaPIPOxe_fpd",6,"B","A","Regen / high fire","None",1,0,0,19655.8724984349,"2011_RaPIPOxe_fpd"
"RaPIPOxe_fpd",7,"C","A","Regen / high fire","None",1,0,0,21103.6569616331,"2011_RaPIPOxe_fpd"
"RaPIPOxe_fxp",3,"B","D","Thin / low fire","Grow w/ fire",0,1,0,489712.438485038,"2011_RaPIPOxe_fxp"
"RaPIPOxe_fxp",11,"C","D","Grow w/ fire","None",0,0,1,329902.268361852,"2011_RaPIPOxe_fxp"
"RaPIPOxe_fxp",19,"A","D","Grow w/ fire","Grow w/ fire",0,0,1,95441.2692891235,"2011_RaPIPOxe_fxp"
"RaREFI_fcw",2,"E","D","Thin / low fire","None",1,0,0,15764.4246000511,"2011_RaREFI_fcw"
"RaREFI_fcw",12,"A","B","Grow w/o fire","None",0,0,1,5100.06351163067,"2011_RaREFI_fcw"
"RaREFI_fcw",14,"C","B","Grow w/o fire","None",0,0,1,10186.4604409317,"2011_RaREFI_fcw"
"RaREFI_fcw",17,"E","B","Regen / high fire","Grow w/o fire",0,1,0,4494.64327995722,"2011_RaREFI_fcw"
"RaREFI_frf",11,"C","D","Grow w/ fire","None",0,0,1,13198.0999274347,"2011_RaREFI_frf"
"RaREFI_frf",18,"A","D","Grow w/ fire","Grow w/ fire",0,0,1,672.555281439003,"2011_RaREFI_frf"
"RaREFI_frf",19,"A","E","Grow w/o fire","Grow w/o fire",0,0,1,3105.44074950722,"2011_RaREFI_frf"
"RaREFI_frm",2,"E","D","Thin / low fire","None",1,0,0,5433.12625731437,"2011_RaREFI_frm"
"RaREFI_frm",9,"E","A","Regen / high fire","None",1,0,0,140.996441368572,"2011_RaREFI_frm"
"RaREFI_frm",17,"E","B","Regen / high fire","Grow w/o fire",0,1,0,4923.21834724544,"2011_RaREFI_frm"
"RaSAWD_fal",1,"B","C","Thin / low fire","None",1,0,0,12911.5762154896,"2011_RaSAWD_fal"
"RaSAWD_fal",3,"A","C","Grow w/ fire","None",0,0,1,95496.8028396158,"2011_RaSAWD_fal"
"RaSAWD_fsw",1,"B","C","Thin / low fire","None",1,0,0,5899.75042384279,"2011_RaSAWD_fsw"
"RaSAWD_fsw",3,"A","C","Grow w/ fire","None",0,0,1,3683.24132790516,"2011_RaSAWD_fsw"
"RaSPFI_fcd",1,"A","B","Regen / high fire","None",1,0,0,76578.7493241214,"2011_RaSPFI_fcd"
"RaSPFI_fmz",11,"B","C","Grow w/o fire","None",0,0,1,867.513634848023,"2011_RaSPFI_fmz"
"RaSPFI_fmz",15,"D","C","Grow w/o fire","None",0,0,1,26317.2252085963,"2011_RaSPFI_fmz"
"RaSPFI_fmz",16,"D","E","Grow w/o fire","None",0,0,1,29226.587973177,"2011_RaSPFI_fmz"
"RaSSHE_fss",1,"B","A","Regen / high fire","None",1,0,0,1547.51474991716,"2011_RaSSHE_fss"
"RaSSHE_fss",8,"B","E","Grow w/o fire","None",0,0,1,19344.6271862063,"2011_RaSSHE_fss"
"RaSSHE_fss",10,"D","E","Grow w/o fire","None",0,0,1,3558.29532867366,"2011_RaSSHE_fss"
"RaSSHE_fss",15,"D","C","Regen / high fire","Grow w/o fire",0,1,0,3.52410809393409,"2011_RaSSHE_fss"
"RaTAOAco_ftm",1,"B","C","Thin / low fire","None",1,0,0,21234.022910887,"2011_RaTAOAco_ftm"
"RaTAOAco_ftm",4,"D","C","Overstory removal","None",1,0,0,8414.68029483856,"2011_RaTAOAco_ftm"
"RaTAOAco_ftm",5,"E","C","Overstory removal","None",1,0,0,175491.730864034,"2011_RaTAOAco_ftm"
"RaTAOAco_fto",3,"B","D","Thin / low fire","Grow w/ fire",0,1,0,2764.83082539622,"2011_RaTAOAco_fto"
"RaTAOAco_fto",6,"B","A","Regen / high fire","None",1,0,0,933.430444201755,"2011_RaTAOAco_fto"
"RaTAOAco_fto",12,"B","E","Grow w/o fire","None",0,0,1,340.943308585141,"2011_RaTAOAco_fto"
"Na0210290_fwo",2,"E","D","Thin / low fire","None",1,0,0,33731.3823060092,"2017_Na0210290_fwo"
"Na0210290_fwo",3,"B","D","Thin / low fire","Grow w/ fire",0,1,0,54190.8967343793,"2017_Na0210290_fwo"
"Na0210290_fwo",7,"C","A","Regen / high fire","None",1,0,0,2299.32553163729,"2017_Na0210290_fwo"
"Na0210290_fwo",11,"C","D","Grow w/ fire","None",0,0,1,1325.93480286712,"2017_Na0210290_fwo"
"Na0710270_fdd",1,"B","C","Thin / low fire","None",1,0,0,27365.2021548371,"2017_Na0710270_fdd"
"Na0710270_fdd",3,"B","D","Thin / low fire","Grow w/ fire",0,1,0,610424.682311034,"2017_Na0710270_fdd"
"Na0710270_fdd",13,"B","E","Grow w/o fire","None",0,0,1,104920.247171567,"2017_Na0710270_fdd"
"Na0710412_fmc",3,"D","A","Regen / high fire","None",1,0,0,359.531964345547,"2017_Na0710412_fmc"
"Na0710412_fmc",5,"D","C","Overstory removal","None",1,0,0,2307.15366318897,"2017_Na0710412_fmc"
"Na0710412_fmh",3,"D","A","Regen / high fire","None",1,0,0,16721.4627773318,"2017_Na0710412_fmh"
"Na0710412_fmh",5,"D","C","Overstory removal","None",1,0,0,571.874486913177,"2017_Na0710412_fmh"
"Na0710412_fmh",11,"D","E","Grow w/o fire","None",0,0,1,154626.825717722,"2017_Na0710412_fmh"
"Na0710412_fmi",5,"D","C","Overstory removal","None",1,0,0,4551.48842578503,"2017_Na0710412_fmi"
"Na0710412_fmi",9,"A","B","Grow w/o fire","None",0,0,1,1404.93723146854,"2017_Na0710412_fmi"
"Na0710412_fmi",11,"D","E","Grow w/o fire","None",0,0,1,1224.9311318888,"2017_Na0710412_fmi"
"Na1010471_frn",3,"B","D","Thin / low fire","Grow w/ fire",0,1,0,5354.1317549159,"2017_Na1010471_frn"
"Na1010471_frn",11,"C","D","Grow w/ fire","None",0,0,1,22889.8464140783,"2017_Na1010471_frn"
"Na1010471_frn",19,"A","E","Grow w/o fire","Grow w/o fire",0,0,1,40378.2262873978,"2017_Na1010471_frn"
"Na1010471_frn",20,"C","E","Grow w/o fire","Grow w/o fire",0,0,1,129231.754913135,"2017_Na1010471_frn"
"R1RFWF_fcw",2,"E","D","Thin / low fire","None",1,0,0,19837.7077863746,"2017_R1RFWF_fcw"
"R1RFWF_fcw",5,"E","C","Overstory removal","None",1,0,0,3954.03417897775,"2017_R1RFWF_fcw"
"R1RFWF_fcw",9,"E","A","Regen / high fire","None",1,0,0,6901.57646735643,"2017_R1RFWF_fcw"
"R1RFWF_fcw",17,"E","B","Regen / high fire","Grow w/o fire",0,1,0,5707.93214797448,"2017_R1RFWF_fcw"
"RaABAMlw_fsi",14,"C","E","Grow w/o fire","None",0,0,1,131763.177513801,"2017_RaABAMlw_fsi"
"RaABAMlw_fsi",15,"D","E","Grow w/o fire","None",0,0,1,976.649466807314,"2017_RaABAMlw_fsi"
"RaABAMlw_fsw",1,"B","C","Thin / low fire","None",1,0,0,104.592647131977,"2017_RaABAMlw_fsw"
"RaABAMlw_fsw",3,"B","D","Thin / low fire","Grow w/ fire",0,1,0,304.622067216213,"2017_RaABAMlw_fsw"
"RaABAMlw_fsw",6,"B","A","Regen / high fire","None",1,0,0,576.172494613188,"2017_RaABAMlw_fsw"
"RaABAMlw_fsw",13,"B","E","Grow w/o fire","None",0,0,1,955.537785182066,"2017_RaABAMlw_fsw"
"RaABAMlw_fwc",10,"A","C","Grow w/ fire","None",0,0,1,37.1052608179022,"2017_RaABAMlw_fwc"
"RaABAMlw_fwc",12,"A","B","Grow w/o fire","None",0,0,1,334.096364116731,"2017_RaABAMlw_fwc"
"RaABAMlw_fwc",19,"A","D","Grow w/ fire","Grow w/ fire",0,0,1,108.067646865115,"2017_RaABAMlw_fwc"
"RaABAMlw_fwc",20,"A","E","Grow w/o fire","Grow w/o fire",0,0,1,967.739636903638,"2017_RaABAMlw_fwc"
"RaABLA_faf",1,"B","A","Regen / high fire","None",1,0,0,493.920958664431,"2017_RaABLA_faf"
"RaABLA_faf",7,"B","C","Thin / low fire","None",1,0,0,11.8967086299426,"2017_RaABLA_faf"
"RaABLA_faf",10,"B","E","Grow w/o fire","None",0,0,1,264.228779725251,"2017_RaABLA_faf"
"RaABLA_faf",18,"B","D","Thin / low fire","Grow w/ fire",0,1,0,61.1224097648944,"2017_RaABLA_faf"
"RaDFHEdy_fwi",14,"C","E","Grow w/o fire","None",0,0,1,4392.75588122732,"2017_RaDFHEdy_fwi"
"RaDFHEdy_fwi",15,"D","E","Grow w/o fire","None",0,0,1,28772.3817769897,"2017_RaDFHEdy_fwi"
"RaDFHEdy_fwi",20,"A","E","Grow w/o fire","Grow w/o fire",0,0,1,41401.0058300546,"2017_RaDFHEdy_fwi"
"RaDFHEdy_fwx",4,"D","C","Overstory removal","None",1,0,0,879.876931257925,"2017_RaDFHEdy_fwx"
"RaDFHEdy_fwx",15,"D","E","Grow w/o fire","None",0,0,1,2946.68559619863,"2017_RaDFHEdy_fwx"
"RaDFHEdy_fwx",17,"D","B","Regen / high fire","Grow w/o fire",0,1,0,4822.57945425277,"2017_RaDFHEdy_fwx"
"RaDFHEwt_fdm",2,"C","A","Regen / high fire","None",1,0,0,39.0724162277139,"2017_RaDFHEwt_fdm"
"RaDFHEwt_fdm",11,"C","E","Grow w/o fire","None",0,0,1,856.6003836245,"2017_RaDFHEwt_fdm"
"RaDFHEwt_fdm",14,"C","D","Grow w/ fire","None",0,0,1,27.3461992917591,"2017_RaDFHEwt_fdm"
"RaDFHEwt_fdm",15,"C","B","Regen / high fire","Grow w/o fire",0,1,0,176.321054763871,"2017_RaDFHEwt_fdm"
"RaDFHEwt_fhc",5,"D","C","Overstory removal","None",1,0,0,34.9078912299855,"2017_RaDFHEwt_fhc"
"RaDFHEwt_fhc",10,"B","E","Grow w/o fire","None",0,0,1,12189.0824563524,"2017_RaDFHEwt_fhc"
"RaDFHEwt_fhc",12,"D","E","Grow w/o fire","None",0,0,1,5069.37857532434,"2017_RaDFHEwt_fhc"
"RaDFHEwt_fhc",19,"A","E","Grow w/o fire","Grow w/o fire",0,0,1,7605.14874404667,"2017_RaDFHEwt_fhc"
"RaDFHEwt_fwm",10,"B","E","Grow w/o fire","None",0,0,1,20030.4265684808,"2017_RaDFHEwt_fwm"
"RaDFHEwt_fwm",11,"C","E","Grow w/o fire","None",0,0,1,45901.6358604912,"2017_RaDFHEwt_fwm"
"RaDFHEwt_fwm",12,"D","E","Grow w/o fire","None",0,0,1,3565.92852665294,"2017_RaDFHEwt_fwm"
"RaDFHEwt_fwm",19,"A","E","Grow w/o fire","Grow w/o fire",0,0,1,9921.04408242877,"2017_RaDFHEwt_fwm"
"RaDFHEwt_fwn",10,"B","E","Grow w/o fire","None",0,0,1,35310.2533510435,"2017_RaDFHEwt_fwn"
"RaDFHEwt_fwn",11,"C","E","Grow w/o fire","None",0,0,1,38201.7490880114,"2017_RaDFHEwt_fwn"
"RaDFHEwt_fwn",19,"A","E","Grow w/o fire","Grow w/o fire",0,0,1,30545.027402187,"2017_RaDFHEwt_fwn"
"RaDFHEwt_fww",2,"C","A","Regen / high fire","None",1,0,0,231.76380485319,"2017_RaDFHEwt_fww"
"RaDFHEwt_fww",11,"C","E","Grow w/o fire","None",0,0,1,3233.74411093233,"2017_RaDFHEwt_fww"
"RaDFHEwt_fww",14,"C","D","Grow w/ fire","None",0,0,1,162.208018034889,"2017_RaDFHEwt_fww"
"RaDFHEwt_fww",15,"C","B","Regen / high fire","Grow w/o fire",0,1,0,1045.87436542553,"2017_RaDFHEwt_fww"
"RaDFWV_fwx",2,"E","D","Thin / low fire","None",1,0,0,4473.5343297083,"2017_RaDFWV_fwx"
"RaDFWV_fwx",5,"E","C","Overstory removal","None",1,0,0,1024.56086465408,"2017_RaDFWV_fwx"
"RaDFWV_fwx",9,"E","A","Regen / high fire","None",1,0,0,1615.83550691965,"2017_RaDFWV_fwx"
"RaDFWV_fwx",18,"E","B","Regen / high fire","Grow w/o fire",0,1,0,2160.16042224775,"2017_RaDFWV_fwx"
"RaMCONdy_fdd",3,"B","D","Thin / low fire","Grow w/ fire",0,1,0,1296503.61670254,"2017_RaMCONdy_fdd"
"RaMCONdy_fdd",11,"C","D","Grow w/ fire","None",0,0,1,403989.445877244,"2017_RaMCONdy_fdd"
"RaMCONdy_fdd",19,"A","D","Grow w/ fire","Grow w/ fire",0,0,1,170789.055421498,"2017_RaMCONdy_fdd"
"RaMCONdy_fdd",20,"A","E","Grow w/o fire","Grow w/o fire",0,0,1,156339.543563477,"2017_RaMCONdy_fdd"
"RaMCONdy_fdg",3,"B","D","Thin / low fire","Grow w/ fire",0,1,0,233216.191285249,"2017_RaMCONdy_fdg"
"RaMCONdy_fdg",11,"C","D","Grow w/ fire","None",0,0,1,65489.0637712256,"2017_RaMCONdy_fdg"
"RaMCONdy_fdg",19,"A","D","Grow w/ fire","Grow w/ fire",0,0,1,6537.96993233723,"2017_RaMCONdy_fdg"
"RaMCONdy_fdx",2,"E","D","Thin / low fire","None",1,0,0,677.818949793176,"2017_RaMCONdy_fdx"
"RaMCONdy_fdx",5,"E","C","Overstory removal","None",1,0,0,509.665588689672,"2017_RaMCONdy_fdx"
"RaMCONdy_fdx",9,"E","A","Regen / high fire","None",1,0,0,206.771518748872,"2017_RaMCONdy_fdx"
"RaMCONdy_fdx",18,"E","B","Regen / high fire","Grow w/o fire",0,1,0,3.21424211734571,"2017_RaMCONdy_fdx"
"RaMCONdy_fmd",3,"B","D","Thin / low fire","Grow w/ fire",0,1,0,627131.753688123,"2017_RaMCONdy_fmd"
"RaMCONdy_fmd",11,"C","D","Grow w/ fire","None",0,0,1,21694.6668830292,"2017_RaMCONdy_fmd"
"RaMCONdy_fmd",19,"A","D","Grow w/ fire","Grow w/ fire",0,0,1,175121.604697736,"2017_RaMCONdy_fmd"
"RaMCONdy_fmx",3,"B","D","Thin / low fire","Grow w/ fire",0,1,0,97632.0922365593,"2017_RaMCONdy_fmx"
"RaMCONdy_fmx",11,"C","D","Grow w/ fire","None",0,0,1,96447.9416730058,"2017_RaMCONdy_fmx"
"RaMCONdy_fmx",13,"B","E","Grow w/o fire","None",0,0,1,3.63797880709171e-12,"2017_RaMCONdy_fmx"
"RaMCONdy_fmx",15,"C","E","Grow w/o fire","Grow w/o fire",0,0,1,1890.81246685296,"2017_RaMCONdy_fmx"
"RaMCONms_fcm",12,"A","B","Grow w/o fire","None",0,0,1,158660.948825404,"2017_RaMCONms_fcm"
"RaMCONms_fcm",15,"C","E","Grow w/o fire","Grow w/o fire",0,0,1,181384.694407949,"2017_RaMCONms_fcm"
"RaMCONms_fcm",16,"C","B","Regen / high fire","Grow w/o fire",0,1,0,508149.642137131,"2017_RaMCONms_fcm"
"RaMCONms_fmm",12,"A","B","Grow w/o fire","None",0,0,1,80516.6374080557,"2017_RaMCONms_fmm"
"RaMCONms_fmm",15,"C","E","Grow w/o fire","Grow w/o fire",0,0,1,1156.55454951024,"2017_RaMCONms_fmm"
"RaMCONms_fmm",16,"C","B","Regen / high fire","Grow w/o fire",0,1,0,311222.966633134,"2017_RaMCONms_fmm"
"RaMCONsw_fdm",2,"E","D","Thin / low fire","None",1,0,0,51375.9590765612,"2017_RaMCONsw_fdm"
"RaMCONsw_fdm",3,"B","D","Thin / low fire","Grow w/ fire",0,1,0,23886.1003811299,"2017_RaMCONsw_fdm"
"RaMCONsw_fdm",6,"B","A","Regen / high fire","None",1,0,0,19538.8109835792,"2017_RaMCONsw_fdm"
"RaMCONsw_fiw",2,"E","D","Thin / low fire","None",1,0,0,279523.204843565,"2017_RaMCONsw_fiw"
"RaMCONsw_fiw",3,"B","D","Thin / low fire","Grow w/ fire",0,1,0,163370.606188116,"2017_RaMCONsw_fiw"
"RaMCONsw_fiw",6,"B","A","Regen / high fire","None",1,0,0,32491.6442083978,"2017_RaMCONsw_fiw"
"RaMCONsw_fvw",2,"E","D","Thin / low fire","None",1,0,0,18200.953908933,"2017_RaMCONsw_fvw"
"RaMCONsw_fvw",3,"B","D","Thin / low fire","Grow w/ fire",0,1,0,31317.8339027591,"2017_RaMCONsw_fvw"
"RaMCONsw_fvw",7,"C","A","Regen / high fire","None",1,0,0,1688.18327860834,"2017_RaMCONsw_fvw"
"RaMCONsw_fvw",11,"C","D","Grow w/ fire","None",0,0,1,814.408919443908,"2017_RaMCONsw_fvw"
"RaMEVG_ftd",1,"B","C","Thin / low fire","None",1,0,0,66051.1955608397,"2017_RaMEVG_ftd"
"RaMEVG_ftd",2,"E","D","Thin / low fire","None",1,0,0,37624.3333680245,"2017_RaMEVG_ftd"
"RaMEVG_ftd",5,"E","C","Overstory removal","None",1,0,0,58207.2928231721,"2017_RaMEVG_ftd"
"RaMEVG_fuc",5,"E","C","Overstory removal","None",1,0,0,5000.17937116093,"2017_RaMEVG_fuc"
"RaMEVG_fuc",10,"A","C","Grow w/ fire","None",0,0,1,4930.09203759258,"2017_RaMEVG_fuc"
"RaMEVG_fuc",12,"A","B","Grow w/o fire","None",0,0,1,4943.06468739137,"2017_RaMEVG_fuc"
"RaOAPI_fop",1,"B","C","Thin / low fire","None",1,0,0,8366.9636331911,"2017_RaOAPI_fop"
"RaOAPI_fop",2,"E","D","Thin / low fire","None",1,0,0,17052.4018759146,"2017_RaOAPI_fop"
"RaOAPI_fop",3,"B","D","Thin / low fire","Grow w/ fire",0,1,0,650.195675871782,"2017_RaOAPI_fop"
"RaPICOpu_fld",13,"A","C","Grow w/ fire","None",0,0,1,5785.18811364079,"2017_RaPICOpu_fld"
"RaPICOpu_fld",14,"A","D","Grow w/ fire","None",0,0,1,17813.3541435607,"2017_RaPICOpu_fld"
"RaPICOpu_fld",20,"A","E","Grow w/o fire","Grow w/o fire",0,0,1,8417.0848682299,"2017_RaPICOpu_fld"
"RaPICOpu_flp",1,"B","A","Regen / high fire","None",1,0,0,851.635741723371,"2017_RaPICOpu_flp"
"RaPICOpu_flp",6,"E","C","Overstory removal","None",1,0,0,3021.78194801954,"2017_RaPICOpu_flp"
"RaPICOpu_flp",7,"B","C","Thin / low fire","None",1,0,0,8548.84630623733,"2017_RaPICOpu_flp"
"RaPICOpu_flp",15,"B","D","Regen / high fire","Grow w/o fire",0,1,0,3034.67243727571,"2017_RaPICOpu_flp"
"RaPICOpu_flw",6,"E","C","Overstory removal","None",1,0,0,10700.5133618018,"2017_RaPICOpu_flw"
"RaPICOpu_flw",9,"A","B","Grow w/o fire","None",0,0,1,2292.46791896132,"2017_RaPICOpu_flw"
"RaPICOpu_flw",13,"A","C","Grow w/ fire","None",0,0,1,1649.87562094819,"2017_RaPICOpu_flw"
"RaPICOpu_flw",14,"A","D","Grow w/ fire","None",0,0,1,2426.67201533737,"2017_RaPICOpu_flw"
"RaPIJEsp_fjp",1,"B","C","Thin / low fire","None",1,0,0,2762.27366378226,"2017_RaPIJEsp_fjp"
"RaPIJEsp_fjp",2,"E","D","Thin / low fire","None",1,0,0,11403.2681311284,"2017_RaPIJEsp_fjp"
"RaPIJEsp_fjp",3,"B","D","Thin / low fire","Grow w/ fire",0,1,0,2.27373675443232e-13,"2017_RaPIJEsp_fjp"
"RaPIJEsp_fjp",10,"A","C","Grow w/ fire","None",0,0,1,12131.1177673464,"2017_RaPIJEsp_fjp"
"RaPIJEsp_fjp",18,"A","D","Grow w/ fire","Grow w/ fire",0,0,1,5449.70176101641,"2017_RaPIJEsp_fjp"
"RaPIPOm_fdp",1,"B","C","Thin / low fire","None",1,0,0,145813.733402528,"2017_RaPIPOm_fdp"
"RaPIPOm_fdp",2,"E","D","Thin / low fire","None",1,0,0,195920.267777889,"2017_RaPIPOm_fdp"
"RaPIPOm_fdp",3,"B","D","Thin / low fire","Grow w/ fire",0,1,0,7394.10320527101,"2017_RaPIPOm_fdp"
"RaPIPOm_fpd",1,"B","C","Thin / low fire","None",1,0,0,91430.9181804437,"2017_RaPIPOm_fpd"
"RaPIPOm_fpd",2,"E","D","Thin / low fire","None",1,0,0,61291.3023933076,"2017_RaPIPOm_fpd"
"RaPIPOm_fpd",10,"A","C","Grow w/ fire","None",0,0,1,5580.69674129519,"2017_RaPIPOm_fpd"
"RaPIPOm_fpd",18,"A","D","Grow w/ fire","Grow w/ fire",0,0,1,17932.0955863206,"2017_RaPIPOm_fpd"
"RaPIPOm_fpl",1,"B","C","Thin / low fire","None",1,0,0,134822.805570319,"2017_RaPIPOm_fpl"
"RaPIPOm_fpl",2,"E","D","Thin / low fire","None",1,0,0,111541.541253448,"2017_RaPIPOm_fpl"
"RaPIPOm_fpl",3,"B","D","Thin / low fire","Grow w/ fire",0,1,0,85535.0075017139,"2017_RaPIPOm_fpl"
"RaPIPOm_fpl",18,"A","D","Grow w/ fire","Grow w/ fire",0,0,1,95143.7304867171,"2017_RaPIPOm_fpl"
"RaPIPOxe_fpd",2,"E","D","Thin / low fire","None",1,0,0,18419.4535178529,"2017_RaPIPOxe_fpd"
"RaPIPOxe_fpd",3,"B","D","Thin / low fire","Grow w/ fire",0,1,0,245136.941213002,"2017_RaPIPOxe_fpd"
"RaPIPOxe_fpd",6,"B","A","Regen / high fire","None",1,0,0,1466.28785071502,"2017_RaPIPOxe_fpd"
"RaPIPOxe_fpd",7,"C","A","Regen / high fire","None",1,0,0,44199.0738543173,"2017_RaPIPOxe_fpd"
"RaPIPOxe_fxp",3,"B","D","Thin / low fire","Grow w/ fire",0,1,0,508280.852806886,"2017_RaPIPOxe_fxp"
"RaPIPOxe_fxp",11,"C","D","Grow w/ fire","None",0,0,1,218238.869322245,"2017_RaPIPOxe_fxp"
"RaPIPOxe_fxp",19,"A","D","Grow w/ fire","Grow w/ fire",0,0,1,77643.7579913288,"2017_RaPIPOxe_fxp"
"RaREFI_fcw",2,"E","D","Thin / low fire","None",1,0,0,16203.6978139229,"2017_RaREFI_fcw"
"RaREFI_fcw",12,"A","B","Grow w/o fire","None",0,0,1,9774.35380538715,"2017_RaREFI_fcw"
"RaREFI_fcw",17,"E","B","Regen / high fire","Grow w/o fire",0,1,0,5259.5259256061,"2017_RaREFI_fcw"
"RaREFI_frf",11,"C","D","Grow w/ fire","None",0,0,1,13175.8429349998,"2017_RaREFI_frf"
"RaREFI_frf",19,"A","E","Grow w/o fire","Grow w/o fire",0,0,1,3063.90418039029,"2017_RaREFI_frf"
"RaREFI_frf",20,"C","E","Grow w/o fire","Grow w/o fire",0,0,1,544.755675354514,"2017_RaREFI_frf"
"RaREFI_frm",2,"E","D","Thin / low fire","None",1,0,0,8869.97302520137,"2017_RaREFI_frm"
"RaREFI_frm",5,"E","C","Overstory removal","None",1,0,0,4877.54015405149,"2017_RaREFI_frm"
"RaREFI_frm",17,"E","B","Regen / high fire","Grow w/o fire",0,1,0,769.554934400092,"2017_RaREFI_frm"
"RaSAWD_fal",1,"B","C","Thin / low fire","None",1,0,0,23265.7627904372,"2017_RaSAWD_fal"
"RaSAWD_fal",3,"A","C","Grow w/ fire","None",0,0,1,105951.352031981,"2017_RaSAWD_fal"
"RaSAWD_fsw",1,"B","C","Thin / low fire","None",1,0,0,4405.52476655206,"2017_RaSAWD_fsw"
"RaSAWD_fsw",3,"A","C","Grow w/ fire","None",0,0,1,6993.172773831,"2017_RaSAWD_fsw"
"RaSPFI_fcd",1,"A","B","Regen / high fire","None",1,0,0,45188.7677836563,"2017_RaSPFI_fcd"
"RaSPFI_fcd",10,"A","D","Grow w/o fire","None",0,0,1,13796.940699911,"2017_RaSPFI_fcd"
"RaSPFI_fcd",18,"A","E","Grow w/o fire","Grow w/o fire",0,0,1,57570.6507218734,"2017_RaSPFI_fcd"
"RaSPFI_fmz",2,"B","A","Regen / high fire","None",1,0,0,135.833032343171,"2017_RaSPFI_fmz"
"RaSPFI_fmz",16,"D","E","Grow w/o fire","None",0,0,1,23260.448045984,"2017_RaSPFI_fmz"
"RaSPFI_fmz",19,"B","E","Grow w/o fire","Grow w/o fire",0,0,1,6279.91539990077,"2017_RaSPFI_fmz"
"RaSSHE_fss",1,"B","A","Regen / high fire","None",1,0,0,1706.87067787177,"2017_RaSSHE_fss"
"RaSSHE_fss",8,"B","E","Grow w/o fire","None",0,0,1,14927.155878945,"2017_RaSSHE_fss"
"RaSSHE_fss",10,"D","E","Grow w/o fire","None",0,0,1,2525.02967251277,"2017_RaSSHE_fss"
"RaSSHE_fss",15,"D","C","Regen / high fire","Grow w/o fire",0,1,0,3.88700448348468,"2017_RaSSHE_fss"
"RaTAOAco_ftm",1,"B","C","Thin / low fire","None",1,0,0,4908.72729430797,"2017_RaTAOAco_ftm"
"RaTAOAco_ftm",5,"E","C","Overstory removal","None",1,0,0,205518.611999156,"2017_RaTAOAco_ftm"
"RaTAOAco_ftm",10,"A","C","Grow w/ fire","None",0,0,1,1107.99188746982,"2017_RaTAOAco_ftm"
"Na0210290_fwo",2,"E","D","Thin / low fire","None",1,0,0,25744.7291431853,"2018_Na0210290_fwo"
"Na0210290_fwo",3,"B","D","Thin / low fire","Grow w/ fire",0,1,0,50369.8243094794,"2018_Na0210290_fwo"
"Na0210290_fwo",7,"C","A","Regen / high fire","None",1,0,0,1343.00378357814,"2018_Na0210290_fwo"
"Na0210290_fwo",11,"C","D","Grow w/ fire","None",0,0,1,5190.36631483515,"2018_Na0210290_fwo"
"Na0710270_fdd",1,"B","C","Thin / low fire","None",1,0,0,37031.2539663282,"2018_Na0710270_fdd"
"Na0710270_fdd",3,"B","D","Thin / low fire","Grow w/ fire",0,1,0,615310.32878907,"2018_Na0710270_fdd"
"Na0710270_fdd",13,"B","E","Grow w/o fire","None",0,0,1,95296.5704030105,"2018_Na0710270_fdd"
"Na0710412_fmc",3,"D","A","Regen / high fire","None",1,0,0,359.899153003595,"2018_Na0710412_fmc"
"Na0710412_fmc",5,"D","C","Overstory removal","None",1,0,0,2307.55104279389,"2018_Na0710412_fmc"
"Na0710412_fmh",3,"D","A","Regen / high fire","None",1,0,0,2219.67146240448,"2018_Na0710412_fmh"
"Na0710412_fmh",5,"D","C","Overstory removal","None",1,0,0,4672.24665919185,"2018_Na0710412_fmh"
"Na0710412_fmh",11,"D","E","Grow w/o fire","None",0,0,1,160191.240819319,"2018_Na0710412_fmh"
"Na0710412_fmi",5,"D","C","Overstory removal","None",1,0,0,4545.33023107015,"2018_Na0710412_fmi"
"Na0710412_fmi",9,"A","B","Grow w/o fire","None",0,0,1,1446.72165349267,"2018_Na0710412_fmi"
"Na0710412_fmi",11,"D","E","Grow w/o fire","None",0,0,1,1207.36797358719,"2018_Na0710412_fmi"
"Na1010471_frn",3,"B","D","Thin / low fire","Grow w/ fire",0,1,0,2104.83057651552,"2018_Na1010471_frn"
"Na1010471_frn",11,"C","D","Grow w/ fire","None",0,0,1,26551.5823207144,"2018_Na1010471_frn"
"Na1010471_frn",19,"A","E","Grow w/o fire","Grow w/o fire",0,0,1,36914.1706848762,"2018_Na1010471_frn"
"Na1010471_frn",20,"C","E","Grow w/o fire","Grow w/o fire",0,0,1,133111.545574717,"2018_Na1010471_frn"
"R1RFWF_fcw",2,"E","D","Thin / low fire","None",1,0,0,21933.3511854223,"2018_R1RFWF_fcw"
"R1RFWF_fcw",5,"E","C","Overstory removal","None",1,0,0,2030.17598926152,"2018_R1RFWF_fcw"
"R1RFWF_fcw",9,"E","A","Regen / high fire","None",1,0,0,7063.24196608181,"2018_R1RFWF_fcw"
"R1RFWF_fcw",17,"E","B","Regen / high fire","Grow w/o fire",0,1,0,5948.62956897455,"2018_R1RFWF_fcw"
"RaABAMlw_fsi",13,"B","E","Grow w/o fire","None",0,0,1,13739.4480507541,"2018_RaABAMlw_fsi"
"RaABAMlw_fsi",14,"C","E","Grow w/o fire","None",0,0,1,123781.058101819,"2018_RaABAMlw_fsi"
"RaABAMlw_fsi",15,"D","E","Grow w/o fire","None",0,0,1,1109.6512941194,"2018_RaABAMlw_fsi"
"RaABAMlw_fsw",1,"B","C","Thin / low fire","None",1,0,0,104.592647131977,"2018_RaABAMlw_fsw"
"RaABAMlw_fsw",3,"B","D","Thin / low fire","Grow w/ fire",0,1,0,304.622067216213,"2018_RaABAMlw_fsw"
"RaABAMlw_fsw",6,"B","A","Regen / high fire","None",1,0,0,576.172494613188,"2018_RaABAMlw_fsw"
"RaABAMlw_fsw",13,"B","E","Grow w/o fire","None",0,0,1,955.537785182066,"2018_RaABAMlw_fsw"
"RaABAMlw_fwc",10,"A","C","Grow w/ fire","None",0,0,1,37.1052608179022,"2018_RaABAMlw_fwc"
"RaABAMlw_fwc",12,"A","B","Grow w/o fire","None",0,0,1,334.096364116731,"2018_RaABAMlw_fwc"
"RaABAMlw_fwc",19,"A","D","Grow w/ fire","Grow w/ fire",0,0,1,108.067646865115,"2018_RaABAMlw_fwc"
"RaABAMlw_fwc",20,"A","E","Grow w/o fire","Grow w/o fire",0,0,1,967.739636903638,"2018_RaABAMlw_fwc"
"RaABLA_faf",1,"B","A","Regen / high fire","None",1,0,0,491.647860397633,"2018_RaABLA_faf"
"RaABLA_faf",7,"B","C","Thin / low fire","None",1,0,0,11.8419581940825,"2018_RaABLA_faf"
"RaABLA_faf",10,"B","E","Grow w/o fire","None",0,0,1,263.012759285755,"2018_RaABLA_faf"
"RaABLA_faf",18,"B","D","Thin / low fire","Grow w/ fire",0,1,0,60.8411152758433,"2018_RaABLA_faf"
"RaDFHEdy_fwi",14,"C","E","Grow w/o fire","None",0,0,1,6211.08448881264,"2018_RaDFHEdy_fwi"
"RaDFHEdy_fwi",15,"D","E","Grow w/o fire","None",0,0,1,31194.9161634099,"2018_RaDFHEdy_fwi"
"RaDFHEdy_fwi",20,"A","E","Grow w/o fire","Grow w/o fire",0,0,1,30349.3231572482,"2018_RaDFHEdy_fwi"
"RaDFHEdy_fwx",8,"D","A","Regen / high fire","None",1,0,0,1054.91124436456,"2018_RaDFHEdy_fwx"
"RaDFHEdy_fwx",15,"D","E","Grow w/o fire","None",0,0,1,2966.45364186976,"2018_RaDFHEdy_fwx"
"RaDFHEdy_fwx",17,"D","B","Regen / high fire","Grow w/o fire",0,1,0,6680.74698140625,"2018_RaDFHEdy_fwx"
"RaDFHEwt_fdm",2,"C","A","Regen / high fire","None",1,0,0,39.1347433932451,"2018_RaDFHEwt_fdm"
"RaDFHEwt_fdm",11,"C","E","Grow w/o fire","None",0,0,1,857.966807282385,"2018_RaDFHEwt_fdm"
"RaDFHEwt_fdm",14,"C","D","Grow w/ fire","None",0,0,1,27.3898211420172,"2018_RaDFHEwt_fdm"
"RaDFHEwt_fdm",15,"C","B","Regen / high fire","Grow w/o fire",0,1,0,176.602316908062,"2018_RaDFHEwt_fdm"
"RaDFHEwt_fhc",5,"D","C","Overstory removal","None",1,0,0,29.5939291921675,"2018_RaDFHEwt_fhc"
"RaDFHEwt_fhc",10,"B","E","Grow w/o fire","None",0,0,1,7864.62834485677,"2018_RaDFHEwt_fhc"
"RaDFHEwt_fhc",12,"D","E","Grow w/o fire","None",0,0,1,5240.10817019477,"2018_RaDFHEwt_fhc"
"RaDFHEwt_fhc",19,"A","E","Grow w/o fire","Grow w/o fire",0,0,1,3708.2627925914,"2018_RaDFHEwt_fhc"
"RaDFHEwt_fwm",10,"B","E","Grow w/o fire","None",0,0,1,30738.5530533236,"2018_RaDFHEwt_fwm"
"RaDFHEwt_fwm",11,"C","E","Grow w/o fire","None",0,0,1,55428.68482526,"2018_RaDFHEwt_fwm"
"RaDFHEwt_fwm",12,"D","E","Grow w/o fire","None",0,0,1,3718.9260013541,"2018_RaDFHEwt_fwm"
"RaDFHEwt_fwm",19,"A","E","Grow w/o fire","Grow w/o fire",0,0,1,1768.39552395517,"2018_RaDFHEwt_fwm"
"RaDFHEwt_fwn",10,"B","E","Grow w/o fire","None",0,0,1,18477.047748603,"2018_RaDFHEwt_fwn"
"RaDFHEwt_fwn",11,"C","E","Grow w/o fire","None",0,0,1,44975.9328522746,"2018_RaDFHEwt_fwn"
"RaDFHEwt_fwn",19,"A","E","Grow w/o fire","Grow w/o fire",0,0,1,30018.212135256,"2018_RaDFHEwt_fwn"
"RaDFHEwt_fww",1,"B","A","Regen / high fire","None",1,0,0,350.239683977372,"2018_RaDFHEwt_fww"
"RaDFHEwt_fww",10,"B","E","Grow w/o fire","None",0,0,1,1211.07108816614,"2018_RaDFHEwt_fww"
"RaDFHEwt_fww",11,"C","E","Grow w/o fire","None",0,0,1,4620.0676378461,"2018_RaDFHEwt_fww"
"RaDFHEwt_fww",14,"C","D","Grow w/ fire","None",0,0,1,245.127512516989,"2018_RaDFHEwt_fww"
"RaDFWV_fwx",2,"E","D","Thin / low fire","None",1,0,0,4011.52248390615,"2018_RaDFWV_fwx"
"RaDFWV_fwx",5,"E","C","Overstory removal","None",1,0,0,918.747603521389,"2018_RaDFWV_fwx"
"RaDFWV_fwx",9,"E","A","Regen / high fire","None",1,0,0,1448.95735420113,"2018_RaDFWV_fwx"
"RaDFWV_fwx",18,"E","B","Regen / high fire","Grow w/o fire",0,1,0,1937.06619062787,"2018_RaDFWV_fwx"
"RaMCONdy_fdd",3,"B","D","Thin / low fire","Grow w/ fire",0,1,0,1314797.19396331,"2018_RaMCONdy_fdd"
"RaMCONdy_fdd",11,"C","D","Grow w/ fire","None",0,0,1,367881.814640315,"2018_RaMCONdy_fdd"
"RaMCONdy_fdd",13,"B","E","Grow w/o fire","None",0,0,1,6.54836185276508e-11,"2018_RaMCONdy_fdd"
"RaMCONdy_fdd",19,"A","D","Grow w/ fire","Grow w/ fire",0,0,1,190539.501896613,"2018_RaMCONdy_fdd"
"RaMCONdy_fdd",20,"A","E","Grow w/o fire","Grow w/o fire",0,0,1,143303.410349489,"2018_RaMCONdy_fdd"
"RaMCONdy_fdg",3,"B","D","Thin / low fire","Grow w/ fire",0,1,0,245096.447706184,"2018_RaMCONdy_fdg"
"RaMCONdy_fdg",11,"C","D","Grow w/ fire","None",0,0,1,47867.350411938,"2018_RaMCONdy_fdg"
"RaMCONdy_fdg",19,"A","D","Grow w/ fire","Grow w/ fire",0,0,1,3892.86428067487,"2018_RaMCONdy_fdg"
"RaMCONdy_fdx",2,"E","D","Thin / low fire","None",1,0,0,677.818949793176,"2018_RaMCONdy_fdx"
"RaMCONdy_fdx",5,"E","C","Overstory removal","None",1,0,0,509.665588689672,"2018_RaMCONdy_fdx"
"RaMCONdy_fdx",9,"E","A","Regen / high fire","None",1,0,0,206.771518748872,"2018_RaMCONdy_fdx"
"RaMCONdy_fdx",18,"E","B","Regen / high fire","Grow w/o fire",0,1,0,3.21424211734571,"2018_RaMCONdy_fdx"
"RaMCONdy_fmd",3,"B","D","Thin / low fire","Grow w/ fire",0,1,0,592612.472445957,"2018_RaMCONdy_fmd"
"RaMCONdy_fmd",11,"C","D","Grow w/ fire","None",0,0,1,22036.4701103811,"2018_RaMCONdy_fmd"
"RaMCONdy_fmd",19,"A","D","Grow w/ fire","Grow w/ fire",0,0,1,196109.797670537,"2018_RaMCONdy_fmd"
"RaMCONdy_fmx",3,"B","D","Thin / low fire","Grow w/ fire",0,1,0,99311.4383276283,"2018_RaMCONdy_fmx"
"RaMCONdy_fmx",11,"C","D","Grow w/ fire","None",0,0,1,94710.4762659533,"2018_RaMCONdy_fmx"
"RaMCONdy_fmx",13,"B","E","Grow w/o fire","None",0,0,1,6.3664629124105e-12,"2018_RaMCONdy_fmx"
"RaMCONdy_fmx",15,"C","E","Grow w/o fire","Grow w/o fire",0,0,1,1906.67556357292,"2018_RaMCONdy_fmx"
"RaMCONms_fcm",12,"A","B","Grow w/o fire","None",0,0,1,165727.698791521,"2018_RaMCONms_fcm"
"RaMCONms_fcm",15,"C","E","Grow w/o fire","Grow w/o fire",0,0,1,182247.666829753,"2018_RaMCONms_fcm"
"RaMCONms_fcm",16,"C","B","Regen / high fire","Grow w/o fire",0,1,0,492918.242250401,"2018_RaMCONms_fcm"
"RaMCONms_fmm",12,"A","B","Grow w/o fire","None",0,0,1,99259.1964991472,"2018_RaMCONms_fmm"
"RaMCONms_fmm",16,"C","B","Regen / high fire","Grow w/o fire",0,1,0,323287.395945462,"2018_RaMCONms_fmm"
"RaMCONsw_fdm",1,"B","C","Thin / low fire","None",1,0,0,2222.96407426196,"2018_RaMCONsw_fdm"
"RaMCONsw_fdm",2,"E","D","Thin / low fire","None",1,0,0,46976.7716337151,"2018_RaMCONsw_fdm"
"RaMCONsw_fdm",3,"B","D","Thin / low fire","Grow w/ fire",0,1,0,26842.6955539461,"2018_RaMCONsw_fdm"
"RaMCONsw_fdm",6,"B","A","Regen / high fire","None",1,0,0,19173.8910885776,"2018_RaMCONsw_fdm"
"RaMCONsw_fiw",2,"E","D","Thin / low fire","None",1,0,0,268706.796094567,"2018_RaMCONsw_fiw"
"RaMCONsw_fiw",3,"B","D","Thin / low fire","Grow w/ fire",0,1,0,177459.146563204,"2018_RaMCONsw_fiw"
"RaMCONsw_fiw",6,"B","A","Regen / high fire","None",1,0,0,31369.3541626123,"2018_RaMCONsw_fiw"
"RaMCONsw_fvw",2,"E","D","Thin / low fire","None",1,0,0,16062.5441734539,"2018_RaMCONsw_fvw"
"RaMCONsw_fvw",3,"B","D","Thin / low fire","Grow w/ fire",0,1,0,33229.8283546341,"2018_RaMCONsw_fvw"
"RaMCONsw_fvw",6,"B","A","Regen / high fire","None",1,0,0,299.177000749324,"2018_RaMCONsw_fvw"
"RaMCONsw_fvw",7,"C","A","Regen / high fire","None",1,0,0,2989.75892478965,"2018_RaMCONsw_fvw"
"RaMEVG_ftd",1,"B","C","Thin / low fire","None",1,0,0,59223.7807749954,"2018_RaMEVG_ftd"
"RaMEVG_ftd",2,"E","D","Thin / low fire","None",1,0,0,35118.2067783357,"2018_RaMEVG_ftd"
"RaMEVG_ftd",5,"E","C","Overstory removal","None",1,0,0,66279.9274361509,"2018_RaMEVG_ftd"
"RaMEVG_fuc",5,"E","C","Overstory removal","None",1,0,0,5347.47485874178,"2018_RaMEVG_fuc"
"RaMEVG_fuc",10,"A","C","Grow w/ fire","None",0,0,1,9021.02433012358,"2018_RaMEVG_fuc"
"RaMEVG_fuc",12,"A","B","Grow w/o fire","None",0,0,1,2611.104735938,"2018_RaMEVG_fuc"
"RaOAPI_fop",1,"B","C","Thin / low fire","None",1,0,0,8363.81241522464,"2018_RaOAPI_fop"
"RaOAPI_fop",2,"E","D","Thin / low fire","None",1,0,0,17106.8575319349,"2018_RaOAPI_fop"
"RaOAPI_fop",3,"B","D","Thin / low fire","Grow w/ fire",0,1,0,677.200456495833,"2018_RaOAPI_fop"
"RaPICOpu_fld",13,"A","C","Grow w/ fire","None",0,0,1,1871.89418639574,"2018_RaPICOpu_fld"
"RaPICOpu_fld",14,"A","D","Grow w/ fire","None",0,0,1,17841.0184723204,"2018_RaPICOpu_fld"
"RaPICOpu_fld",20,"A","E","Grow w/o fire","Grow w/o fire",0,0,1,8446.74933932269,"2018_RaPICOpu_fld"
"RaPICOpu_flp",1,"B","A","Regen / high fire","None",1,0,0,856.227857169124,"2018_RaPICOpu_flp"
"RaPICOpu_flp",6,"E","C","Overstory removal","None",1,0,0,3042.21410662066,"2018_RaPICOpu_flp"
"RaPICOpu_flp",7,"B","C","Thin / low fire","None",1,0,0,8548.76773047549,"2018_RaPICOpu_flp"
"RaPICOpu_flp",15,"B","D","Regen / high fire","Grow w/o fire",0,1,0,3047.48825268972,"2018_RaPICOpu_flp"
"RaPICOpu_flw",6,"E","C","Overstory removal","None",1,0,0,10681.4037320537,"2018_RaPICOpu_flw"
"RaPICOpu_flw",9,"A","B","Grow w/o fire","None",0,0,1,2335.99714671303,"2018_RaPICOpu_flw"
"RaPICOpu_flw",13,"A","C","Grow w/ fire","None",0,0,1,1432.33442905399,"2018_RaPICOpu_flw"
"RaPICOpu_flw",14,"A","D","Grow w/ fire","None",0,0,1,2443.92736611189,"2018_RaPICOpu_flw"
"RaPIJEsp_fjp",1,"B","C","Thin / low fire","None",1,0,0,2826.65840842464,"2018_RaPIJEsp_fjp"
"RaPIJEsp_fjp",2,"E","D","Thin / low fire","None",1,0,0,9104.15658934054,"2018_RaPIJEsp_fjp"
"RaPIJEsp_fjp",5,"E","C","Overstory removal","None",1,0,0,4.54747350886464e-13,"2018_RaPIJEsp_fjp"
"RaPIJEsp_fjp",10,"A","C","Grow w/ fire","None",0,0,1,12560.0158533639,"2018_RaPIJEsp_fjp"
"RaPIJEsp_fjp",18,"A","D","Grow w/ fire","Grow w/ fire",0,0,1,6935.10705176182,"2018_RaPIJEsp_fjp"
"RaPIPOm_fdp",1,"B","C","Thin / low fire","None",1,0,0,155034.817126796,"2018_RaPIPOm_fdp"
"RaPIPOm_fdp",2,"E","D","Thin / low fire","None",1,0,0,199951.567027285,"2018_RaPIPOm_fdp"
"RaPIPOm_fdp",3,"B","D","Thin / low fire","Grow w/ fire",0,1,0,4853.96599427861,"2018_RaPIPOm_fdp"
"RaPIPOm_fpd",1,"B","C","Thin / low fire","None",1,0,0,102888.553183619,"2018_RaPIPOm_fpd"
"RaPIPOm_fpd",2,"E","D","Thin / low fire","None",1,0,0,59393.8336371002,"2018_RaPIPOm_fpd"
"RaPIPOm_fpd",5,"E","C","Overstory removal","None",1,0,0,3.63797880709171e-12,"2018_RaPIPOm_fpd"
"RaPIPOm_fpd",10,"A","C","Grow w/ fire","None",0,0,1,8132.72914792626,"2018_RaPIPOm_fpd"
"RaPIPOm_fpd",18,"A","D","Grow w/ fire","Grow w/ fire",0,0,1,2539.85726226808,"2018_RaPIPOm_fpd"
"RaPIPOm_fpl",1,"B","C","Thin / low fire","None",1,0,0,161764.011283163,"2018_RaPIPOm_fpl"
"RaPIPOm_fpl",2,"E","D","Thin / low fire","None",1,0,0,114870.622445251,"2018_RaPIPOm_fpl"
"RaPIPOm_fpl",3,"B","D","Thin / low fire","Grow w/ fire",0,1,0,67589.4534161621,"2018_RaPIPOm_fpl"
"RaPIPOm_fpl",18,"A","D","Grow w/ fire","Grow w/ fire",0,0,1,102793.65825994,"2018_RaPIPOm_fpl"
"RaPIPOxe_fpd",2,"E","D","Thin / low fire","None",1,0,0,18952.3210057142,"2018_RaPIPOxe_fpd"
"RaPIPOxe_fpd",3,"B","D","Thin / low fire","Grow w/ fire",0,1,0,244106.496275688,"2018_RaPIPOxe_fpd"
"RaPIPOxe_fpd",6,"B","A","Regen / high fire","None",1,0,0,7086.87108559734,"2018_RaPIPOxe_fpd"
"RaPIPOxe_fpd",7,"C","A","Regen / high fire","None",1,0,0,38905.6666295779,"2018_RaPIPOxe_fpd"
"RaPIPOxe_fxp",3,"B","D","Thin / low fire","Grow w/ fire",0,1,0,529521.832702256,"2018_RaPIPOxe_fxp"
"RaPIPOxe_fxp",11,"C","D","Grow w/ fire","None",0,0,1,222839.975402897,"2018_RaPIPOxe_fxp"
"RaPIPOxe_fxp",19,"A","D","Grow w/ fire","Grow w/ fire",0,0,1,61735.3525308173,"2018_RaPIPOxe_fxp"
"RaREFI_fcw",2,"E","D","Thin / low fire","None",1,0,0,15728.3983167395,"2018_RaREFI_fcw"
"RaREFI_fcw",12,"A","B","Grow w/o fire","None",0,0,1,10400.1206586221,"2018_RaREFI_fcw"
"RaREFI_fcw",17,"E","B","Regen / high fire","Grow w/o fire",0,1,0,2993.76361286052,"2018_RaREFI_fcw"
"RaREFI_frf",11,"C","D","Grow w/ fire","None",0,0,1,13221.5302140025,"2018_RaREFI_frf"
"RaREFI_frf",19,"A","E","Grow w/o fire","Grow w/o fire",0,0,1,3031.93504789407,"2018_RaREFI_frf"
"RaREFI_frf",20,"C","E","Grow w/o fire","Grow w/o fire",0,0,1,667.494114891801,"2018_RaREFI_frf"
"RaREFI_frm",2,"E","D","Thin / low fire","None",1,0,0,8544.05232665547,"2018_RaREFI_frm"
"RaREFI_frm",5,"E","C","Overstory removal","None",1,0,0,4693.28062755922,"2018_RaREFI_frm"
"RaREFI_frm",17,"E","B","Regen / high fire","Grow w/o fire",0,1,0,443.930879614463,"2018_RaREFI_frm"
"RaSAWD_fal",1,"B","C","Thin / low fire","None",1,0,0,20531.4625187874,"2018_RaSAWD_fal"
"RaSAWD_fal",3,"A","C","Grow w/ fire","None",0,0,1,119969.76192118,"2018_RaSAWD_fal"
"RaSAWD_fsw",1,"B","C","Thin / low fire","None",1,0,0,2095.77477322111,"2018_RaSAWD_fsw"
"RaSAWD_fsw",3,"A","C","Grow w/ fire","None",0,0,1,8654.21833804678,"2018_RaSAWD_fsw"
"RaSPFI_fcd",1,"A","B","Regen / high fire","None",1,0,0,28479.4127513567,"2018_RaSPFI_fcd"
"RaSPFI_fcd",10,"A","D","Grow w/o fire","None",0,0,1,37351.3682748599,"2018_RaSPFI_fcd"
"RaSPFI_fcd",18,"A","E","Grow w/o fire","Grow w/o fire",0,0,1,45157.293101732,"2018_RaSPFI_fcd"
"RaSPFI_fmz",2,"B","A","Regen / high fire","None",1,0,0,139.79849150337,"2018_RaSPFI_fmz"
"RaSPFI_fmz",16,"D","E","Grow w/o fire","None",0,0,1,24952.3111058299,"2018_RaSPFI_fmz"
"RaSPFI_fmz",19,"B","E","Grow w/o fire","Grow w/o fire",0,0,1,2581.94714128222,"2018_RaSPFI_fmz"
"RaSSHE_fss",1,"B","A","Regen / high fire","None",1,0,0,1722.23104575491,"2018_RaSSHE_fss"
"RaSSHE_fss",8,"B","E","Grow w/o fire","None",0,0,1,15129.9261191418,"2018_RaSSHE_fss"
"RaSSHE_fss",10,"D","E","Grow w/o fire","None",0,0,1,2598.67408663723,"2018_RaSSHE_fss"
"RaSSHE_fss",15,"D","C","Regen / high fire","Grow w/o fire",0,1,0,3.92198418030869,"2018_RaSSHE_fss"
"RaTAOAco_ftm",1,"B","C","Thin / low fire","None",1,0,0,2436.58195468421,"2018_RaTAOAco_ftm"
"RaTAOAco_ftm",5,"E","C","Overstory removal","None",1,0,0,215444.183245723,"2018_RaTAOAco_ftm"
"Na0210290_fwo",2,"E","D","Thin / low fire","None",1,0,0,24589.7115836411,"2019_Na0210290_fwo"
"Na0210290_fwo",3,"B","D","Thin / low fire","Grow w/ fire",0,1,0,52342.7077933824,"2019_Na0210290_fwo"
"Na0210290_fwo",7,"C","A","Regen / high fire","None",1,0,0,1334.01425077236,"2019_Na0210290_fwo"
"Na0210290_fwo",11,"C","D","Grow w/ fire","None",0,0,1,4297.83252599978,"2019_Na0210290_fwo"
"Na0710270_fdd",1,"B","C","Thin / low fire","None",1,0,0,28866.7375483051,"2019_Na0710270_fdd"
"Na0710270_fdd",3,"B","D","Thin / low fire","Grow w/ fire",0,1,0,617264.30838519,"2019_Na0710270_fdd"
"Na0710270_fdd",13,"B","E","Grow w/o fire","None",0,0,1,68400.9657711933,"2019_Na0710270_fdd"
"Na0710412_fmc",3,"D","A","Regen / high fire","None",1,0,0,354.727761928767,"2019_Na0710412_fmc"
"Na0710412_fmc",5,"D","C","Overstory removal","None",1,0,0,2302.13876317024,"2019_Na0710412_fmc"
"Na0710412_fmh",11,"D","E","Grow w/o fire","None",0,0,1,153918.876793475,"2019_Na0710412_fmh"
"Na0710412_fmi",5,"D","C","Overstory removal","None",1,0,0,4550.59891154988,"2019_Na0710412_fmi"
"Na0710412_fmi",9,"A","B","Grow w/o fire","None",0,0,1,1403.62480920171,"2019_Na0710412_fmi"
"Na0710412_fmi",11,"D","E","Grow w/o fire","None",0,0,1,1222.39423917156,"2019_Na0710412_fmi"
"Na1010471_frn",3,"B","D","Thin / low fire","Grow w/ fire",0,1,0,10628.6242167203,"2019_Na1010471_frn"
"Na1010471_frn",11,"C","D","Grow w/ fire","None",0,0,1,18406.1516972229,"2019_Na1010471_frn"
"Na1010471_frn",19,"A","E","Grow w/o fire","Grow w/o fire",0,0,1,34694.9088443443,"2019_Na1010471_frn"
"Na1010471_frn",20,"C","E","Grow w/o fire","Grow w/o fire",0,0,1,132934.357002455,"2019_Na1010471_frn"
"R1RFWF_fcw",2,"E","D","Thin / low fire","None",1,0,0,21949.8548004047,"2019_R1RFWF_fcw"
"R1RFWF_fcw",5,"E","C","Overstory removal","None",1,0,0,2050.80747693957,"2019_R1RFWF_fcw"
"R1RFWF_fcw",9,"E","A","Regen / high fire","None",1,0,0,7098.45652398001,"2019_R1RFWF_fcw"
"R1RFWF_fcw",17,"E","B","Regen / high fire","Grow w/o fire",0,1,0,6170.74593877124,"2019_R1RFWF_fcw"
"RaABAMlw_fsi",13,"B","E","Grow w/o fire","None",0,0,1,11972.6566154751,"2019_RaABAMlw_fsi"
"RaABAMlw_fsi",14,"C","E","Grow w/o fire","None",0,0,1,121860.545956388,"2019_RaABAMlw_fsi"
"RaABAMlw_fsi",15,"D","E","Grow w/o fire","None",0,0,1,409.100136214431,"2019_RaABAMlw_fsi"
"RaABAMlw_fsw",1,"B","C","Thin / low fire","None",1,0,0,104.599132227327,"2019_RaABAMlw_fsw"
"RaABAMlw_fsw",3,"B","D","Thin / low fire","Grow w/ fire",0,1,0,304.640954807317,"2019_RaABAMlw_fsw"
"RaABAMlw_fsw",6,"B","A","Regen / high fire","None",1,0,0,576.208219242671,"2019_RaABAMlw_fsw"
"RaABAMlw_fsw",13,"B","E","Grow w/o fire","None",0,0,1,955.536612664115,"2019_RaABAMlw_fsw"
"RaABAMlw_fwc",10,"A","C","Grow w/ fire","None",0,0,1,37.1052608179022,"2019_RaABAMlw_fwc"
"RaABAMlw_fwc",12,"A","B","Grow w/o fire","None",0,0,1,334.096364116731,"2019_RaABAMlw_fwc"
"RaABAMlw_fwc",19,"A","D","Grow w/ fire","Grow w/ fire",0,0,1,108.067646865115,"2019_RaABAMlw_fwc"
"RaABAMlw_fwc",20,"A","E","Grow w/o fire","Grow w/o fire",0,0,1,967.739636903638,"2019_RaABAMlw_fwc"
"RaABLA_faf",1,"B","A","Regen / high fire","None",1,0,0,489.395588562181,"2019_RaABLA_faf"
"RaABLA_faf",7,"B","C","Thin / low fire","None",1,0,0,11.7877093890626,"2019_RaABLA_faf"
"RaABLA_faf",10,"B","E","Grow w/o fire","None",0,0,1,261.807880188702,"2019_RaABLA_faf"
"RaABLA_faf",18,"B","D","Thin / low fire","Grow w/ fire",0,1,0,60.5623980446477,"2019_RaABLA_faf"
"RaDFHEdy_fwi",14,"C","E","Grow w/o fire","None",0,0,1,7920.17372037414,"2019_RaDFHEdy_fwi"
"RaDFHEdy_fwi",15,"D","E","Grow w/o fire","None",0,0,1,33909.8523608255,"2019_RaDFHEdy_fwi"
"RaDFHEdy_fwi",20,"A","E","Grow w/o fire","Grow w/o fire",0,0,1,28530.9303665272,"2019_RaDFHEdy_fwi"
"RaDFHEdy_fwx",8,"D","A","Regen / high fire","None",1,0,0,2957.11113424634,"2019_RaDFHEdy_fwx"
"RaDFHEdy_fwx",15,"D","E","Grow w/o fire","None",0,0,1,2963.48102035649,"2019_RaDFHEdy_fwx"
"RaDFHEdy_fwx",17,"D","B","Regen / high fire","Grow w/o fire",0,1,0,4774.15362386809,"2019_RaDFHEdy_fwx"
"RaDFHEwt_fdm",2,"C","A","Regen / high fire","None",1,0,0,39.1347433932451,"2019_RaDFHEwt_fdm"
"RaDFHEwt_fdm",11,"C","E","Grow w/o fire","None",0,0,1,857.966807282385,"2019_RaDFHEwt_fdm"
"RaDFHEwt_fdm",14,"C","D","Grow w/ fire","None",0,0,1,27.3898211420172,"2019_RaDFHEwt_fdm"
"RaDFHEwt_fdm",15,"C","B","Regen / high fire","Grow w/o fire",0,1,0,176.602316908062,"2019_RaDFHEwt_fdm"
"RaDFHEwt_fhc",5,"D","C","Overstory removal","None",1,0,0,26.4295031863005,"2019_RaDFHEwt_fhc"
"RaDFHEwt_fhc",10,"B","E","Grow w/o fire","None",0,0,1,1193.98390998586,"2019_RaDFHEwt_fhc"
"RaDFHEwt_fhc",12,"D","E","Grow w/o fire","None",0,0,1,5752.17188170783,"2019_RaDFHEwt_fhc"
"RaDFHEwt_fhc",19,"A","E","Grow w/o fire","Grow w/o fire",0,0,1,3988.81832422872,"2019_RaDFHEwt_fhc"
"RaDFHEwt_fwm",10,"B","E","Grow w/o fire","None",0,0,1,15568.2763761002,"2019_RaDFHEwt_fwm"
"RaDFHEwt_fwm",11,"C","E","Grow w/o fire","None",0,0,1,51165.1203645264,"2019_RaDFHEwt_fwm"
"RaDFHEwt_fwm",12,"D","E","Grow w/o fire","None",0,0,1,7110.25920401652,"2019_RaDFHEwt_fwm"
"RaDFHEwt_fwm",19,"A","E","Grow w/o fire","Grow w/o fire",0,0,1,12357.6433305754,"2019_RaDFHEwt_fwm"
"RaDFHEwt_fwn",10,"B","E","Grow w/o fire","None",0,0,1,21574.2587946858,"2019_RaDFHEwt_fwn"
"RaDFHEwt_fwn",11,"C","E","Grow w/o fire","None",0,0,1,40284.6515998588,"2019_RaDFHEwt_fwn"
"RaDFHEwt_fwn",12,"D","E","Grow w/o fire","None",0,0,1,5919.39527568404,"2019_RaDFHEwt_fwn"
"RaDFHEwt_fwn",19,"A","E","Grow w/o fire","Grow w/o fire",0,0,1,29861.0226208373,"2019_RaDFHEwt_fwn"
"RaDFHEwt_fww",1,"B","A","Regen / high fire","None",1,0,0,305.394963182075,"2019_RaDFHEwt_fww"
"RaDFHEwt_fww",10,"B","E","Grow w/o fire","None",0,0,1,123.895871811171,"2019_RaDFHEwt_fww"
"RaDFHEwt_fww",11,"C","E","Grow w/o fire","None",0,0,1,4724.09390295862,"2019_RaDFHEwt_fww"
"RaDFHEwt_fww",14,"C","D","Grow w/ fire","None",0,0,1,213.74136365677,"2019_RaDFHEwt_fww"
"RaDFWV_fwx",2,"E","D","Thin / low fire","None",1,0,0,3632.68543141454,"2019_RaDFWV_fwx"
"RaDFWV_fwx",5,"E","C","Overstory removal","None",1,0,0,831.983629120612,"2019_RaDFWV_fwx"
"RaDFWV_fwx",9,"E","A","Regen / high fire","None",1,0,0,1312.12184213462,"2019_RaDFWV_fwx"
"RaDFWV_fwx",18,"E","B","Regen / high fire","Grow w/o fire",0,1,0,1754.13503441905,"2019_RaDFWV_fwx"
"RaMCONdy_fdd",3,"B","D","Thin / low fire","Grow w/ fire",0,1,0,1269566.60201977,"2019_RaMCONdy_fdd"
"RaMCONdy_fdd",11,"C","D","Grow w/ fire","None",0,0,1,329820.933077864,"2019_RaMCONdy_fdd"
"RaMCONdy_fdd",13,"B","E","Grow w/o fire","None",0,0,1,6.54836185276508e-11,"2019_RaMCONdy_fdd"
"RaMCONdy_fdd",19,"A","D","Grow w/ fire","Grow w/ fire",0,0,1,271124.946049042,"2019_RaMCONdy_fdd"
"RaMCONdy_fdd",20,"A","E","Grow w/o fire","Grow w/o fire",0,0,1,123837.703614574,"2019_RaMCONdy_fdd"
"RaMCONdy_fdg",3,"B","D","Thin / low fire","Grow w/ fire",0,1,0,239736.725885224,"2019_RaMCONdy_fdg"
"RaMCONdy_fdg",11,"C","D","Grow w/ fire","None",0,0,1,47257.2504349437,"2019_RaMCONdy_fdg"
"RaMCONdy_fdg",19,"A","D","Grow w/ fire","Grow w/ fire",0,0,1,6924.47927633996,"2019_RaMCONdy_fdg"
"RaMCONdy_fdx",2,"E","D","Thin / low fire","None",1,0,0,677.884083750191,"2019_RaMCONdy_fdx"
"RaMCONdy_fdx",5,"E","C","Overstory removal","None",1,0,0,509.714564211168,"2019_RaMCONdy_fdx"
"RaMCONdy_fdx",9,"E","A","Regen / high fire","None",1,0,0,206.791388136145,"2019_RaMCONdy_fdx"
"RaMCONdy_fdx",18,"E","B","Regen / high fire","Grow w/o fire",0,1,0,3.21455098493929,"2019_RaMCONdy_fdx"
"RaMCONdy_fmd",3,"B","D","Thin / low fire","Grow w/ fire",0,1,0,582994.890148616,"2019_RaMCONdy_fmd"
"RaMCONdy_fmd",11,"C","D","Grow w/ fire","None",0,0,1,8766.4437854857,"2019_RaMCONdy_fmd"
"RaMCONdy_fmd",19,"A","D","Grow w/ fire","Grow w/ fire",0,0,1,194369.799628848,"2019_RaMCONdy_fmd"
"RaMCONdy_fmx",3,"B","D","Thin / low fire","Grow w/ fire",0,1,0,99388.8893668133,"2019_RaMCONdy_fmx"
"RaMCONdy_fmx",11,"C","D","Grow w/ fire","None",0,0,1,87135.8795429466,"2019_RaMCONdy_fmx"
"RaMCONdy_fmx",15,"C","E","Grow w/o fire","Grow w/o fire",0,0,1,984.89487151416,"2019_RaMCONdy_fmx"
"RaMCONms_fcm",12,"A","B","Grow w/o fire","None",0,0,1,164321.917503241,"2019_RaMCONms_fcm"
"RaMCONms_fcm",15,"C","E","Grow w/o fire","Grow w/o fire",0,0,1,184605.147660863,"2019_RaMCONms_fcm"
"RaMCONms_fcm",16,"C","B","Regen / high fire","Grow w/o fire",0,1,0,490130.101211217,"2019_RaMCONms_fcm"
"RaMCONms_fmm",12,"A","B","Grow w/o fire","None",0,0,1,113501.191026346,"2019_RaMCONms_fmm"
"RaMCONms_fmm",15,"C","E","Grow w/o fire","Grow w/o fire",0,0,1,4702.0701231992,"2019_RaMCONms_fmm"
"RaMCONms_fmm",16,"C","B","Regen / high fire","Grow w/o fire",0,1,0,294590.363256944,"2019_RaMCONms_fmm"
"RaMCONsw_fdm",1,"B","C","Thin / low fire","None",1,0,0,6390.89266124859,"2019_RaMCONsw_fdm"
"RaMCONsw_fdm",2,"E","D","Thin / low fire","None",1,0,0,46001.4478898719,"2019_RaMCONsw_fdm"
"RaMCONsw_fdm",3,"B","D","Thin / low fire","Grow w/ fire",0,1,0,29522.2666141068,"2019_RaMCONsw_fdm"
"RaMCONsw_fdm",6,"B","A","Regen / high fire","None",1,0,0,13949.8182872869,"2019_RaMCONsw_fdm"
"RaMCONsw_fiw",2,"E","D","Thin / low fire","None",1,0,0,271815.592674004,"2019_RaMCONsw_fiw"
"RaMCONsw_fiw",3,"B","D","Thin / low fire","Grow w/ fire",0,1,0,168902.28541707,"2019_RaMCONsw_fiw"
"RaMCONsw_fiw",6,"B","A","Regen / high fire","None",1,0,0,33178.6973881872,"2019_RaMCONsw_fiw"
"RaMCONsw_fvw",2,"E","D","Thin / low fire","None",1,0,0,14092.8853562408,"2019_RaMCONsw_fvw"
"RaMCONsw_fvw",3,"B","D","Thin / low fire","Grow w/ fire",0,1,0,36352.8506103923,"2019_RaMCONsw_fvw"
"RaMCONsw_fvw",6,"B","A","Regen / high fire","None",1,0,0,887.311839612221,"2019_RaMCONsw_fvw"
"RaMCONsw_fvw",7,"C","A","Regen / high fire","None",1,0,0,2683.33094786964,"2019_RaMCONsw_fvw"
"RaMEVG_ftd",1,"B","C","Thin / low fire","None",1,0,0,53005.7853791957,"2019_RaMEVG_ftd"
"RaMEVG_ftd",2,"E","D","Thin / low fire","None",1,0,0,33519.9518177079,"2019_RaMEVG_ftd"
"RaMEVG_ftd",5,"E","C","Overstory removal","None",1,0,0,66547.1236049058,"2019_RaMEVG_ftd"
"RaMEVG_fuc",5,"E","C","Overstory removal","None",1,0,0,5389.67473437876,"2019_RaMEVG_fuc"
"RaMEVG_fuc",10,"A","C","Grow w/ fire","None",0,0,1,8071.68337634922,"2019_RaMEVG_fuc"
"RaMEVG_fuc",12,"A","B","Grow w/o fire","None",0,0,1,2529.13344196872,"2019_RaMEVG_fuc"
"RaOAPI_fop",1,"B","C","Thin / low fire","None",1,0,0,8363.7983844209,"2019_RaOAPI_fop"
"RaOAPI_fop",2,"E","D","Thin / low fire","None",1,0,0,17279.6998211597,"2019_RaOAPI_fop"
"RaOAPI_fop",3,"B","D","Thin / low fire","Grow w/ fire",0,1,0,504.31979926486,"2019_RaOAPI_fop"
"RaPICOpu_fld",13,"A","C","Grow w/ fire","None",0,0,1,1731.40731946458,"2019_RaPICOpu_fld"
"RaPICOpu_fld",14,"A","D","Grow w/ fire","None",0,0,1,17814.0207122586,"2019_RaPICOpu_fld"
"RaPICOpu_fld",20,"A","E","Grow w/o fire","Grow w/o fire",0,0,1,8433.41741286401,"2019_RaPICOpu_fld"
"RaPICOpu_flp",6,"E","C","Overstory removal","None",1,0,0,3477.73942228931,"2019_RaPICOpu_flp"
"RaPICOpu_flp",7,"B","C","Thin / low fire","None",1,0,0,5276.27434325719,"2019_RaPICOpu_flp"
"RaPICOpu_flp",15,"B","D","Regen / high fire","Grow w/o fire",0,1,0,2454.48737660663,"2019_RaPICOpu_flp"
"RaPICOpu_flw",6,"E","C","Overstory removal","None",1,0,0,10647.479515986,"2019_RaPICOpu_flw"
"RaPICOpu_flw",9,"A","B","Grow w/o fire","None",0,0,1,2399.89772778354,"2019_RaPICOpu_flw"
"RaPICOpu_flw",13,"A","C","Grow w/ fire","None",0,0,1,1311.74807116244,"2019_RaPICOpu_flw"
"RaPICOpu_flw",14,"A","D","Grow w/ fire","None",0,0,1,2487.78826400911,"2019_RaPICOpu_flw"
"RaPIJEsp_fjp",1,"B","C","Thin / low fire","None",1,0,0,2829.22276678528,"2019_RaPIJEsp_fjp"
"RaPIJEsp_fjp",2,"E","D","Thin / low fire","None",1,0,0,8131.60442942652,"2019_RaPIJEsp_fjp"
"RaPIJEsp_fjp",3,"B","D","Thin / low fire","Grow w/ fire",0,1,0,2.27373675443232e-13,"2019_RaPIJEsp_fjp"
"RaPIJEsp_fjp",5,"E","C","Overstory removal","None",1,0,0,2.27373675443232e-13,"2019_RaPIJEsp_fjp"
"RaPIJEsp_fjp",10,"A","C","Grow w/ fire","None",0,0,1,9920.33460913178,"2019_RaPIJEsp_fjp"
"RaPIJEsp_fjp",18,"A","D","Grow w/ fire","Grow w/ fire",0,0,1,8842.05076299765,"2019_RaPIJEsp_fjp"
"RaPIPOm_fdp",1,"B","C","Thin / low fire","None",1,0,0,154110.254894959,"2019_RaPIPOm_fdp"
"RaPIPOm_fdp",2,"E","D","Thin / low fire","None",1,0,0,210473.058223995,"2019_RaPIPOm_fdp"
"RaPIPOm_fpd",1,"B","C","Thin / low fire","None",1,0,0,81222.8591889263,"2019_RaPIPOm_fpd"
"RaPIPOm_fpd",2,"E","D","Thin / low fire","None",1,0,0,56952.9079299729,"2019_RaPIPOm_fpd"
"RaPIPOm_fpd",5,"E","C","Overstory removal","None",1,0,0,2143.63767649479,"2019_RaPIPOm_fpd"
"RaPIPOm_fpd",10,"A","C","Grow w/ fire","None",0,0,1,25999.5851209974,"2019_RaPIPOm_fpd"
"RaPIPOm_fpl",1,"B","C","Thin / low fire","None",1,0,0,168853.170091694,"2019_RaPIPOm_fpl"
"RaPIPOm_fpl",2,"E","D","Thin / low fire","None",1,0,0,118273.584708586,"2019_RaPIPOm_fpl"
"RaPIPOm_fpl",3,"B","D","Thin / low fire","Grow w/ fire",0,1,0,63085.264187596,"2019_RaPIPOm_fpl"
"RaPIPOm_fpl",18,"A","D","Grow w/ fire","Grow w/ fire",0,0,1,102626.47878987,"2019_RaPIPOm_fpl"
"RaPIPOxe_fpd",2,"E","D","Thin / low fire","None",1,0,0,19937.2839466649,"2019_RaPIPOxe_fpd"
"RaPIPOxe_fpd",3,"B","D","Thin / low fire","Grow w/ fire",0,1,0,242746.120724941,"2019_RaPIPOxe_fpd"
"RaPIPOxe_fpd",7,"C","A","Regen / high fire","None",1,0,0,44747.5911091601,"2019_RaPIPOxe_fpd"
"RaPIPOxe_fpd",11,"C","D","Grow w/ fire","None",0,0,1,830.073833838338,"2019_RaPIPOxe_fpd"
"RaPIPOxe_fxp",3,"B","D","Thin / low fire","Grow w/ fire",0,1,0,543297.717236153,"2019_RaPIPOxe_fxp"
"RaPIPOxe_fxp",11,"C","D","Grow w/ fire","None",0,0,1,201476.793903269,"2019_RaPIPOxe_fxp"
"RaPIPOxe_fxp",19,"A","D","Grow w/ fire","Grow w/ fire",0,0,1,79739.9858949211,"2019_RaPIPOxe_fxp"
"RaREFI_fcw",2,"E","D","Thin / low fire","None",1,0,0,17889.2107276598,"2019_RaREFI_fcw"
"RaREFI_fcw",12,"A","B","Grow w/o fire","None",0,0,1,10361.7152006701,"2019_RaREFI_fcw"
"RaREFI_fcw",17,"E","B","Regen / high fire","Grow w/o fire",0,1,0,1577.26974362003,"2019_RaREFI_fcw"
"RaREFI_frf",3,"B","D","Thin / low fire","Grow w/ fire",0,1,0,6502.46766792872,"2019_RaREFI_frf"
"RaREFI_frf",11,"C","D","Grow w/ fire","None",0,0,1,6697.93995803971,"2019_RaREFI_frf"
"RaREFI_frf",19,"A","E","Grow w/o fire","Grow w/o fire",0,0,1,1068.16044988924,"2019_RaREFI_frf"
"RaREFI_frf",20,"C","E","Grow w/o fire","Grow w/o fire",0,0,1,11170.3692823314,"2019_RaREFI_frf"
"RaREFI_frm",2,"E","D","Thin / low fire","None",1,0,0,8292.38723605367,"2019_RaREFI_frm"
"RaREFI_frm",5,"E","C","Overstory removal","None",1,0,0,4551.00156815669,"2019_RaREFI_frm"
"RaREFI_frm",17,"E","B","Regen / high fire","Grow w/o fire",0,1,0,180.280427594467,"2019_RaREFI_frm"
"RaSAWD_fal",1,"B","C","Thin / low fire","None",1,0,0,22117.3281021948,"2019_RaSAWD_fal"
"RaSAWD_fal",3,"A","C","Grow w/ fire","None",0,0,1,117461.308044941,"2019_RaSAWD_fal"
"RaSAWD_fsw",1,"B","C","Thin / low fire","None",1,0,0,2101.32431473186,"2019_RaSAWD_fsw"
"RaSAWD_fsw",3,"A","C","Grow w/ fire","None",0,0,1,8638.06607476821,"2019_RaSAWD_fsw"
"RaSPFI_fcd",1,"A","B","Regen / high fire","None",1,0,0,35042.3278281,"2019_RaSPFI_fcd"
"RaSPFI_fcd",10,"A","D","Grow w/o fire","None",0,0,1,47044.7419083987,"2019_RaSPFI_fcd"
"RaSPFI_fcd",18,"A","E","Grow w/o fire","Grow w/o fire",0,0,1,53769.6368299266,"2019_RaSPFI_fcd"
"RaSPFI_fmz",16,"D","E","Grow w/o fire","None",0,0,1,23132.3463058478,"2019_RaSPFI_fmz"
"RaSSHE_fss",1,"B","A","Regen / high fire","None",1,0,0,1670.019135232,"2019_RaSSHE_fss"
"RaSSHE_fss",8,"B","E","Grow w/o fire","None",0,0,1,15249.9108500618,"2019_RaSSHE_fss"
"RaSSHE_fss",10,"D","E","Grow w/o fire","None",0,0,1,1199.88160270284,"2019_RaSSHE_fss"
"RaSSHE_fss",15,"D","C","Regen / high fire","Grow w/o fire",0,1,0,3.80308359051889,"2019_RaSSHE_fss"
"RaTAOAco_ftm",1,"B","C","Thin / low fire","None",1,0,0,10044.7497614945,"2019_RaTAOAco_ftm"
"RaTAOAco_ftm",5,"E","C","Overstory removal","None",1,0,0,205889.198684129,"2019_RaTAOAco_ftm"
"RaTAOAco_ftm",10,"A","C","Grow w/ fire","None",0,0,1,7993.42433995617,"2019_RaTAOAco_ftm"
