"YEAR","ew","MAP_ZONE","BpS","PVT","BpS_Code","sclass","AREA_TOTAL"
"2014","eastside","OBM","RaMCONdy","fdd","RaMCONdy_fdd","A",72643.99238
"2014","eastside","OBM","RaMCONdy","fdd","RaMCONdy_fdd","B",185336.209175
"2014","eastside","OBM","RaMCONdy","fdd","RaMCONdy_fdd","C",174923.00809
"2014","eastside","OBM","RaMCONdy","fdd","RaMCONdy_fdd","D",17767.13655
"2014","eastside","OBM","RaMCONdy","fdd","RaMCONdy_fdd","E",82179.178005
"2014","eastside","OBM","RaMCONdy","fdg","RaMCONdy_fdg","A",57670.359425
"2014","eastside","OBM","RaMCONdy","fdg","RaMCONdy_fdg","B",188793.33945
"2014","eastside","OBM","RaMCONdy","fdg","RaMCONdy_fdg","C",141478.35841
"2014","eastside","OBM","RaMCONdy","fdg","RaMCONdy_fdg","D",10399.1902
"2014","eastside","OBM","RaMCONdy","fdg","RaMCONdy_fdg","E",73243.12451
"2014","eastside","OBM","RaMCONms","fcm","RaMCONms_fcm","A",82937.544955
"2014","eastside","OBM","RaMCONms","fcm","RaMCONms_fcm","B",201683.131255
"2014","eastside","OBM","RaMCONms","fcm","RaMCONms_fcm","C",237209.842925
"2014","eastside","OBM","RaMCONms","fcm","RaMCONms_fcm","D",21257.40368
"2014","eastside","OBM","RaMCONms","fcm","RaMCONms_fcm","E",103346.51171
"2014","eastside","OBM","RaPIPOm","fdp","RaPIPOm_fdp","A",53457.97573
"2014","eastside","OBM","RaPIPOm","fdp","RaPIPOm_fdp","B",183775.441065
"2014","eastside","OBM","RaPIPOm","fdp","RaPIPOm_fdp","C",126151.3398
"2014","eastside","OBM","RaPIPOm","fdp","RaPIPOm_fdp","D",10500.60232
"2014","eastside","OBM","RaPIPOm","fdp","RaPIPOm_fdp","E",65206.436395
"2014","eastside","OBM","RaPIPOm","fpd","RaPIPOm_fpd","A",3.55832
"2014","eastside","OBM","RaPIPOm","fpd","RaPIPOm_fpd","B",0.88958
"2014","eastside","OBM","RaPIPOm","fpd","RaPIPOm_fpd","C",0.44479
"2014","eastside","OBM","RaPIPOm","fpd","RaPIPOm_fpd","D",0.667185
"2014","eastside","OBM","RaPIPOm","fpd","RaPIPOm_fpd","E",0.667185
"2014","eastside","OBM","RaPIPOxe","fxp","RaPIPOxe_fxp","A",24860.869865
"2014","eastside","OBM","RaPIPOxe","fxp","RaPIPOxe_fxp","B",67301.1749
"2014","eastside","OBM","RaPIPOxe","fxp","RaPIPOxe_fxp","C",42335.55699
"2014","eastside","OBM","RaPIPOxe","fxp","RaPIPOxe_fxp","D",3052.59377
"2014","eastside","OBM","RaPIPOxe","fxp","RaPIPOxe_fxp","E",22336.46422
"2014","eastside","OBM","RaSAWD","fsw","RaSAWD_fsw","A",5221.8346
"2014","eastside","OBM","RaSAWD","fsw","RaSAWD_fsw","B",15489.589355
"2014","eastside","OBM","RaSAWD","fsw","RaSAWD_fsw","C",15719.545785
"2014","eastside","OBM","RaSAWD","fsw","RaSAWD_fsw","D",1098.18651
"2014","eastside","OBM","RaSAWD","fsw","RaSAWD_fsw","E",5470.694605
"2014","eastside","OBM","RaSPFI","fcd","RaSPFI_fcd","A",36608.663345
"2014","eastside","OBM","RaSPFI","fcd","RaSPFI_fcd","B",106750.04479
"2014","eastside","OBM","RaSPFI","fcd","RaSPFI_fcd","C",103646.077775
"2014","eastside","OBM","RaSPFI","fcd","RaSPFI_fcd","D",6910.924625
"2014","eastside","OBM","RaSPFI","fcd","RaSPFI_fcd","E",43214.684425
"2014","eastside","OEC","Na0210350","fvg","Na0210350_fvg","A",11.342145
"2014","eastside","OEC","Na0210350","fvg","Na0210350_fvg","B",292.894215
"2014","eastside","OEC","Na0210350","fvg","Na0210350_fvg","C",44.256605
"2014","eastside","OEC","Na0210350","fvg","Na0210350_fvg","D",4.00311
"2014","eastside","OEC","Na0210350","fvg","Na0210350_fvg","E",445.901975
"2014","eastside","OEC","Na0710270","fdd","Na0710270_fdd","B",0.44479
"2014","eastside","OEC","Na0710412","fmc","Na0710412_fmc","A",967.640645
"2014","eastside","OEC","Na0710412","fmc","Na0710412_fmc","B",1230.066745
"2014","eastside","OEC","Na0710412","fmc","Na0710412_fmc","C",551.5396
"2014","eastside","OEC","Na0710412","fmc","Na0710412_fmc","D",549.538045
"2014","eastside","OEC","Na0710412","fmc","Na0710412_fmc","E",2278.65917
"2014","eastside","OEC","Na0710412","fmh","Na0710412_fmh","A",19678.621575
"2014","eastside","OEC","Na0710412","fmh","Na0710412_fmh","B",170967.268225
"2014","eastside","OEC","Na0710412","fmh","Na0710412_fmh","C",33756.669865
"2014","eastside","OEC","Na0710412","fmh","Na0710412_fmh","D",14972.52098
"2014","eastside","OEC","Na0710412","fmh","Na0710412_fmh","E",201680.907305
"2014","eastside","OEC","Na0710412","fmi","Na0710412_fmi","A",883.79773
"2014","eastside","OEC","Na0710412","fmi","Na0710412_fmi","B",13506.04835
"2014","eastside","OEC","Na0710412","fmi","Na0710412_fmi","C",1365.727695
"2014","eastside","OEC","Na0710412","fmi","Na0710412_fmi","D",439.00773
"2014","eastside","OEC","Na0710412","fmi","Na0710412_fmi","E",10587.33637
"2014","eastside","OEC","RaABAMlw","fsi","RaABAMlw_fsi","A",6015.117565
"2014","eastside","OEC","RaABAMlw","fsi","RaABAMlw_fsi","B",30508.1461
"2014","eastside","OEC","RaABAMlw","fsi","RaABAMlw_fsi","C",5406.42245
"2014","eastside","OEC","RaABAMlw","fsi","RaABAMlw_fsi","D",2334.480315
"2014","eastside","OEC","RaABAMlw","fsi","RaABAMlw_fsi","E",45101.038815
"2014","eastside","OEC","RaABAMlw","fsw","RaABAMlw_fsw","A",1233.180275
"2014","eastside","OEC","RaABAMlw","fsw","RaABAMlw_fsw","B",4866.669785
"2014","eastside","OEC","RaABAMlw","fsw","RaABAMlw_fsw","C",1072.83348
"2014","eastside","OEC","RaABAMlw","fsw","RaABAMlw_fsw","D",413.20991
"2014","eastside","OEC","RaABAMlw","fsw","RaABAMlw_fsw","E",7194.92304
"2014","eastside","OEC","RaABAMlw","fwc","RaABAMlw_fwc","A",242.188155
"2014","eastside","OEC","RaABAMlw","fwc","RaABAMlw_fwc","B",1531.85676
"2014","eastside","OEC","RaABAMlw","fwc","RaABAMlw_fwc","C",285.777575
"2014","eastside","OEC","RaABAMlw","fwc","RaABAMlw_fwc","D",63.382575
"2014","eastside","OEC","RaABAMlw","fwc","RaABAMlw_fwc","E",2412.09617
"2014","eastside","OEC","RaDFHEdy","fwi","RaDFHEdy_fwi","A",3135.102315
"2014","eastside","OEC","RaDFHEdy","fwi","RaDFHEdy_fwi","B",22033.339835
"2014","eastside","OEC","RaDFHEdy","fwi","RaDFHEdy_fwi","C",3556.318445
"2014","eastside","OEC","RaDFHEdy","fwi","RaDFHEdy_fwi","D",712.775975
"2014","eastside","OEC","RaDFHEdy","fwi","RaDFHEdy_fwi","E",24992.972495
"2014","eastside","OEC","RaDFHEwt","fdm","RaDFHEwt_fdm","A",0.222395
"2014","eastside","OEC","RaDFHEwt","fdm","RaDFHEwt_fdm","B",19.12597
"2014","eastside","OEC","RaDFHEwt","fdm","RaDFHEwt_fdm","C",3.55832
"2014","eastside","OEC","RaDFHEwt","fdm","RaDFHEwt_fdm","D",1.556765
"2014","eastside","OEC","RaDFHEwt","fdm","RaDFHEwt_fdm","E",56.48833
"2014","eastside","OEC","RaDFHEwt","fwm","RaDFHEwt_fwm","A",158.567635
"2014","eastside","OEC","RaDFHEwt","fwm","RaDFHEwt_fwm","B",268.65316
"2014","eastside","OEC","RaDFHEwt","fwm","RaDFHEwt_fwm","C",171.24415
"2014","eastside","OEC","RaDFHEwt","fwm","RaDFHEwt_fwm","D",20.237945
"2014","eastside","OEC","RaDFHEwt","fwm","RaDFHEwt_fwm","E",551.761995
"2014","eastside","OEC","RaDFHEwt","fww","RaDFHEwt_fww","A",104.303255
"2014","eastside","OEC","RaDFHEwt","fww","RaDFHEwt_fww","B",512.39808
"2014","eastside","OEC","RaDFHEwt","fww","RaDFHEwt_fww","C",176.804025
"2014","eastside","OEC","RaDFHEwt","fww","RaDFHEwt_fww","D",22.017105
"2014","eastside","OEC","RaDFHEwt","fww","RaDFHEwt_fww","E",901.811725
"2014","eastside","OEC","RaDFWV","fwx","RaDFWV_fwx","A",7.783825
"2014","eastside","OEC","RaDFWV","fwx","RaDFWV_fwx","B",37.80715
"2014","eastside","OEC","RaDFWV","fwx","RaDFWV_fwx","C",8.8958
"2014","eastside","OEC","RaDFWV","fwx","RaDFWV_fwx","D",0.44479
"2014","eastside","OEC","RaDFWV","fwx","RaDFWV_fwx","E",80.729385
"2014","eastside","OEC","RaMCONdy","fdx","RaMCONdy_fdx","A",28.244165
"2014","eastside","OEC","RaMCONdy","fdx","RaMCONdy_fdx","B",779.939265
"2014","eastside","OEC","RaMCONdy","fdx","RaMCONdy_fdx","C",84.5101
"2014","eastside","OEC","RaMCONdy","fdx","RaMCONdy_fdx","D",7.56143
"2014","eastside","OEC","RaMCONdy","fdx","RaMCONdy_fdx","E",1318.35756
"2014","eastside","OEC","RaMCONdy","fmd","RaMCONdy_fmd","A",35034.32914
"2014","eastside","OEC","RaMCONdy","fmd","RaMCONdy_fmd","B",207841.248805
"2014","eastside","OEC","RaMCONdy","fmd","RaMCONdy_fmd","C",64067.5516
"2014","eastside","OEC","RaMCONdy","fmd","RaMCONdy_fmd","D",10454.566555
"2014","eastside","OEC","RaMCONdy","fmd","RaMCONdy_fmd","E",173729.414125
"2014","eastside","OEC","RaMCONdy","fmx","RaMCONdy_fmx","A",35799.36794
"2014","eastside","OEC","RaMCONdy","fmx","RaMCONdy_fmx","B",239420.22683
"2014","eastside","OEC","RaMCONdy","fmx","RaMCONdy_fmx","C",81010.269885
"2014","eastside","OEC","RaMCONdy","fmx","RaMCONdy_fmx","D",17168.226815
"2014","eastside","OEC","RaMCONdy","fmx","RaMCONdy_fmx","E",143378.278895
"2014","eastside","OEC","RaMCONms","fcm","RaMCONms_fcm","A",6.67185
"2014","eastside","OEC","RaMCONms","fcm","RaMCONms_fcm","B",142.999985
"2014","eastside","OEC","RaMCONms","fcm","RaMCONms_fcm","C",17.569205
"2014","eastside","OEC","RaMCONms","fcm","RaMCONms_fcm","D",12.676515
"2014","eastside","OEC","RaMCONms","fcm","RaMCONms_fcm","E",215.500755
"2014","eastside","OEC","RaMCONms","fmm","RaMCONms_fmm","A",25232.04712
"2014","eastside","OEC","RaMCONms","fmm","RaMCONms_fmm","B",323214.21493
"2014","eastside","OEC","RaMCONms","fmm","RaMCONms_fmm","C",62193.428935
"2014","eastside","OEC","RaMCONms","fmm","RaMCONms_fmm","D",20724.322865
"2014","eastside","OEC","RaMCONms","fmm","RaMCONms_fmm","E",357579.802305
"2014","eastside","OEC","RaMCONsw","fiw","RaMCONsw_fiw","A",99.63296
"2014","eastside","OEC","RaMCONsw","fiw","RaMCONsw_fiw","B",493.7169
"2014","eastside","OEC","RaMCONsw","fiw","RaMCONsw_fiw","C",294.45098
"2014","eastside","OEC","RaMCONsw","fiw","RaMCONsw_fiw","D",8.673405
"2014","eastside","OEC","RaMCONsw","fiw","RaMCONsw_fiw","E",271.099505
"2014","eastside","OEC","RaOAPI","fop","RaOAPI_fop","A",1995.77273
"2014","eastside","OEC","RaOAPI","fop","RaOAPI_fop","B",34040.001095
"2014","eastside","OEC","RaOAPI","fop","RaOAPI_fop","C",4056.92959
"2014","eastside","OEC","RaOAPI","fop","RaOAPI_fop","D",766.37317
"2014","eastside","OEC","RaOAPI","fop","RaOAPI_fop","E",36185.223265
"2014","eastside","OEC","RaPICOpu","fld","RaPICOpu_fld","A",15955.284485
"2014","eastside","OEC","RaPICOpu","fld","RaPICOpu_fld","B",139576.658765
"2014","eastside","OEC","RaPICOpu","fld","RaPICOpu_fld","C",24904.23689
"2014","eastside","OEC","RaPICOpu","fld","RaPICOpu_fld","D",8831.083055
"2014","eastside","OEC","RaPICOpu","fld","RaPICOpu_fld","E",147506.15249
"2014","eastside","OEC","RaPICOpu","flw","RaPICOpu_flw","A",2916.48803
"2014","eastside","OEC","RaPICOpu","flw","RaPICOpu_flw","B",29004.31111
"2014","eastside","OEC","RaPICOpu","flw","RaPICOpu_flw","C",5093.957475
"2014","eastside","OEC","RaPICOpu","flw","RaPICOpu_flw","D",1978.87071
"2014","eastside","OEC","RaPICOpu","flw","RaPICOpu_flw","E",30496.359165
"2014","eastside","OEC","RaPIPOm","fdp","RaPIPOm_fdp","A",792.838175
"2014","eastside","OEC","RaPIPOm","fdp","RaPIPOm_fdp","B",7663.28691
"2014","eastside","OEC","RaPIPOm","fdp","RaPIPOm_fdp","C",1389.746355
"2014","eastside","OEC","RaPIPOm","fdp","RaPIPOm_fdp","D",715.66711
"2014","eastside","OEC","RaPIPOm","fdp","RaPIPOm_fdp","E",5737.34621
"2014","eastside","OEC","RaPIPOm","fpd","RaPIPOm_fpd","A",10.007775
"2014","eastside","OEC","RaPIPOm","fpd","RaPIPOm_fpd","B",38.69673
"2014","eastside","OEC","RaPIPOm","fpd","RaPIPOm_fpd","C",4.670295
"2014","eastside","OEC","RaPIPOm","fpd","RaPIPOm_fpd","E",6.004665
"2014","eastside","OEC","RaPIPOm","fpl","RaPIPOm_fpl","A",50221.461295
"2014","eastside","OEC","RaPIPOm","fpl","RaPIPOm_fpl","B",390661.503345
"2014","eastside","OEC","RaPIPOm","fpl","RaPIPOm_fpl","C",112889.703555
"2014","eastside","OEC","RaPIPOm","fpl","RaPIPOm_fpl","D",24577.76103
"2014","eastside","OEC","RaPIPOm","fpl","RaPIPOm_fpl","E",285850.742955
"2014","eastside","OEC","RaPIPOxe","fpd","RaPIPOxe_fpd","A",31103.27512
"2014","eastside","OEC","RaPIPOxe","fpd","RaPIPOxe_fpd","B",238648.07139
"2014","eastside","OEC","RaPIPOxe","fpd","RaPIPOxe_fpd","C",65490.43481
"2014","eastside","OEC","RaPIPOxe","fpd","RaPIPOxe_fpd","D",18610.0136
"2014","eastside","OEC","RaPIPOxe","fpd","RaPIPOxe_fpd","E",198320.74125
"2014","eastside","OEC","RaPIPOxe","fxp","RaPIPOxe_fxp","A",30778.800815
"2014","eastside","OEC","RaPIPOxe","fxp","RaPIPOxe_fxp","B",165009.750965
"2014","eastside","OEC","RaPIPOxe","fxp","RaPIPOxe_fxp","C",65886.520305
"2014","eastside","OEC","RaPIPOxe","fxp","RaPIPOxe_fxp","D",11232.504265
"2014","eastside","OEC","RaPIPOxe","fxp","RaPIPOxe_fxp","E",90959.777395
"2014","eastside","OEC","RaREFI","fcw","RaREFI_fcw","A",1440.897205
"2014","eastside","OEC","RaREFI","fcw","RaREFI_fcw","B",12297.331525
"2014","eastside","OEC","RaREFI","fcw","RaREFI_fcw","C",5442.228045
"2014","eastside","OEC","RaREFI","fcw","RaREFI_fcw","D",181.251925
"2014","eastside","OEC","RaREFI","fcw","RaREFI_fcw","E",866.45092
"2014","eastside","OEC","RaREFI","frf","RaREFI_frf","A",1595.684125
"2014","eastside","OEC","RaREFI","frf","RaREFI_frf","B",17145.76492
"2014","eastside","OEC","RaREFI","frf","RaREFI_frf","C",3274.09919
"2014","eastside","OEC","RaREFI","frf","RaREFI_frf","D",3672.63103
"2014","eastside","OEC","RaREFI","frf","RaREFI_frf","E",29121.068485
"2014","eastside","OEC","RaREFI","frm","RaREFI_frm","A",2424.99508
"2014","eastside","OEC","RaREFI","frm","RaREFI_frm","B",15598.562905
"2014","eastside","OEC","RaREFI","frm","RaREFI_frm","C",9250.520025
"2014","eastside","OEC","RaREFI","frm","RaREFI_frm","D",656.51004
"2014","eastside","OEC","RaREFI","frm","RaREFI_frm","E",1111.307815
"2014","eastside","OEC","RaSAWD","fal","RaSAWD_fal","A",3614.80833
"2014","eastside","OEC","RaSAWD","fal","RaSAWD_fal","B",21556.969745
"2014","eastside","OEC","RaSAWD","fal","RaSAWD_fal","C",8902.694245
"2014","eastside","OEC","RaSAWD","fal","RaSAWD_fal","D",4348.934225
"2014","eastside","OEC","RaSAWD","fal","RaSAWD_fal","E",21565.64315
"2014","eastside","OEC","RaSAWD","fsw","RaSAWD_fsw","B",15.345255
"2014","eastside","OEC","RaSAWD","fsw","RaSAWD_fsw","C",3.335925
"2014","eastside","OEC","RaSAWD","fsw","RaSAWD_fsw","E",12.231725
"2014","eastside","OEC","RaSPFI","fcd","RaSPFI_fcd","A",1.77916
"2014","eastside","OEC","RaSPFI","fcd","RaSPFI_fcd","B",177.693605
"2014","eastside","OEC","RaSPFI","fcd","RaSPFI_fcd","C",5.115085
"2014","eastside","OEC","RaSPFI","fcd","RaSPFI_fcd","D",4.225505
"2014","eastside","OEC","RaSPFI","fcd","RaSPFI_fcd","E",174.135285
"2014","eastside","OEC","RaSPFI","fmz","RaSPFI_fmz","A",18541.96073
"2014","eastside","OEC","RaSPFI","fmz","RaSPFI_fmz","B",97597.378565
"2014","eastside","OEC","RaSPFI","fmz","RaSPFI_fmz","C",41737.092045
"2014","eastside","OEC","RaSPFI","fmz","RaSPFI_fmz","D",8013.114245
"2014","eastside","OEC","RaSPFI","fmz","RaSPFI_fmz","E",58002.172765
"2014","eastside","OSE","RaMCONdy","fmd","RaMCONdy_fmd","A",0.222395
"2014","eastside","OSE","RaPIPOxe","fpd","RaPIPOxe_fpd","A",0.44479
"2014","eastside","OSE","RaPIPOxe","fxp","RaPIPOxe_fxp","A",91.849135
"2014","eastside","OSE","RaPIPOxe","fxp","RaPIPOxe_fxp","B",791.503805
"2014","eastside","OSE","RaPIPOxe","fxp","RaPIPOxe_fxp","C",389.63604
"2014","eastside","OSE","RaPIPOxe","fxp","RaPIPOxe_fxp","D",13.121305
"2014","eastside","OSE","RaPIPOxe","fxp","RaPIPOxe_fxp","E",218.169495
"2014","eastside","OSW","Na0210290","fdw","Na0210290_fdw","A",1053.929905
"2014","eastside","OSW","Na0210290","fdw","Na0210290_fdw","B",4128.09599
"2014","eastside","OSW","Na0210290","fdw","Na0210290_fdw","C",465.472735
"2014","eastside","OSW","Na0210290","fdw","Na0210290_fdw","D",59.824255
"2014","eastside","OSW","Na0210290","fdw","Na0210290_fdw","E",2514.620265
"2014","eastside","OSW","Na0210290","fwo","Na0210290_fwo","A",11109.07504
"2014","eastside","OSW","Na0210290","fwo","Na0210290_fwo","B",136926.82234
"2014","eastside","OSW","Na0210290","fwo","Na0210290_fwo","C",11868.77636
"2014","eastside","OSW","Na0210290","fwo","Na0210290_fwo","D",3256.75238
"2014","eastside","OSW","Na0210290","fwo","Na0210290_fwo","E",32348.68712
"2014","eastside","OSW","Na0210350","fvg","Na0210350_fvg","A",52.48522
"2014","eastside","OSW","Na0210350","fvg","Na0210350_fvg","B",158.79003
"2014","eastside","OSW","Na0210350","fvg","Na0210350_fvg","C",17.124415
"2014","eastside","OSW","Na0210350","fvg","Na0210350_fvg","D",2.22395
"2014","eastside","OSW","Na0210350","fvg","Na0210350_fvg","E",149.89423
"2014","eastside","OSW","Na0710270","fdd","Na0710270_fdd","A",114845.66758
"2014","eastside","OSW","Na0710270","fdd","Na0710270_fdd","B",695047.09039
"2014","eastside","OSW","Na0710270","fdd","Na0710270_fdd","C",83069.647585
"2014","eastside","OSW","Na0710270","fdd","Na0710270_fdd","D",27546.511885
"2014","eastside","OSW","Na0710270","fdd","Na0710270_fdd","E",313460.85981
"2014","eastside","OSW","Na0710412","fmc","Na0710412_fmc","A",704.99215
"2014","eastside","OSW","Na0710412","fmc","Na0710412_fmc","B",3666.40397
"2014","eastside","OSW","Na0710412","fmc","Na0710412_fmc","C",412.76512
"2014","eastside","OSW","Na0710412","fmc","Na0710412_fmc","D",735.68266
"2014","eastside","OSW","Na0710412","fmc","Na0710412_fmc","E",5378.178285
"2014","eastside","OSW","Na0710412","fmh","Na0710412_fmh","A",5202.931025
"2014","eastside","OSW","Na0710412","fmh","Na0710412_fmh","B",82081.324205
"2014","eastside","OSW","Na0710412","fmh","Na0710412_fmh","C",14150.99385
"2014","eastside","OSW","Na0710412","fmh","Na0710412_fmh","D",9852.765685
"2014","eastside","OSW","Na0710412","fmh","Na0710412_fmh","E",90555.68568
"2014","eastside","OSW","Na0710412","fmi","Na0710412_fmi","A",1965.749405
"2014","eastside","OSW","Na0710412","fmi","Na0710412_fmi","B",8599.792255
"2014","eastside","OSW","Na0710412","fmi","Na0710412_fmi","C",871.566005
"2014","eastside","OSW","Na0710412","fmi","Na0710412_fmi","D",314.02174
"2014","eastside","OSW","Na0710412","fmi","Na0710412_fmi","E",8759.69426
"2014","eastside","OSW","R1RFWF","fcw","R1RFWF_fcw","A",18633.365075
"2014","eastside","OSW","R1RFWF","fcw","R1RFWF_fcw","B",57113.25995
"2014","eastside","OSW","R1RFWF","fcw","R1RFWF_fcw","C",7203.81884
"2014","eastside","OSW","R1RFWF","fcw","R1RFWF_fcw","D",1085.065205
"2014","eastside","OSW","R1RFWF","fcw","R1RFWF_fcw","E",33404.396185
"2014","eastside","OSW","R1RFWF","frm","R1RFWF_frm","A",215.72315
"2014","eastside","OSW","R1RFWF","frm","R1RFWF_frm","B",1603.690345
"2014","eastside","OSW","R1RFWF","frm","R1RFWF_frm","C",143.22238
"2014","eastside","OSW","R1RFWF","frm","R1RFWF_frm","D",240.63139
"2014","eastside","OSW","R1RFWF","frm","R1RFWF_frm","E",1640.607915
"2014","eastside","OSW","RaABAMlw","fsi","RaABAMlw_fsi","A",2852.215875
"2014","eastside","OSW","RaABAMlw","fsi","RaABAMlw_fsi","B",17047.46633
"2014","eastside","OSW","RaABAMlw","fsi","RaABAMlw_fsi","C",1572.110255
"2014","eastside","OSW","RaABAMlw","fsi","RaABAMlw_fsi","D",585.566035
"2014","eastside","OSW","RaABAMlw","fsi","RaABAMlw_fsi","E",16944.27505
"2014","eastside","OSW","RaABAMlw","fsw","RaABAMlw_fsw","A",408.539615
"2014","eastside","OSW","RaABAMlw","fsw","RaABAMlw_fsw","B",2001.11021
"2014","eastside","OSW","RaABAMlw","fsw","RaABAMlw_fsw","C",249.304795
"2014","eastside","OSW","RaABAMlw","fsw","RaABAMlw_fsw","D",47.14774
"2014","eastside","OSW","RaABAMlw","fsw","RaABAMlw_fsw","E",1882.128885
"2014","eastside","OSW","RaABAMlw","fwc","RaABAMlw_fwc","A",606.915955
"2014","eastside","OSW","RaABAMlw","fwc","RaABAMlw_fwc","B",2267.317025
"2014","eastside","OSW","RaABAMlw","fwc","RaABAMlw_fwc","C",228.399665
"2014","eastside","OSW","RaABAMlw","fwc","RaABAMlw_fwc","D",44.256605
"2014","eastside","OSW","RaABAMlw","fwc","RaABAMlw_fwc","E",1853.43993
"2014","eastside","OSW","RaDFHEdy","fwi","RaDFHEdy_fwi","A",42118.49947
"2014","eastside","OSW","RaDFHEdy","fwi","RaDFHEdy_fwi","B",124642.834515
"2014","eastside","OSW","RaDFHEdy","fwi","RaDFHEdy_fwi","C",27420.191525
"2014","eastside","OSW","RaDFHEdy","fwi","RaDFHEdy_fwi","D",5978.199995
"2014","eastside","OSW","RaDFHEdy","fwi","RaDFHEdy_fwi","E",77477.302915
"2014","eastside","OSW","RaDFHEdy","fwx","RaDFHEdy_fwx","A",3893.24687
"2014","eastside","OSW","RaDFHEdy","fwx","RaDFHEdy_fwx","B",56786.3393
"2014","eastside","OSW","RaDFHEdy","fwx","RaDFHEdy_fwx","C",4847.76621
"2014","eastside","OSW","RaDFHEdy","fwx","RaDFHEdy_fwx","D",1757.587685
"2014","eastside","OSW","RaDFHEdy","fwx","RaDFHEdy_fwx","E",36502.13614
"2014","eastside","OSW","RaDFHEwt","fdm","RaDFHEwt_fdm","A",2149.447675
"2014","eastside","OSW","RaDFHEwt","fdm","RaDFHEwt_fdm","B",6445.45189
"2014","eastside","OSW","RaDFHEwt","fdm","RaDFHEwt_fdm","C",820.63755
"2014","eastside","OSW","RaDFHEwt","fdm","RaDFHEwt_fdm","D",136.55053
"2014","eastside","OSW","RaDFHEwt","fdm","RaDFHEwt_fdm","E",4257.307485
"2014","eastside","OSW","RaDFHEwt","fhc","RaDFHEwt_fhc","A",1913.04179
"2014","eastside","OSW","RaDFHEwt","fhc","RaDFHEwt_fhc","B",4386.296585
"2014","eastside","OSW","RaDFHEwt","fhc","RaDFHEwt_fhc","C",2337.81624
"2014","eastside","OSW","RaDFHEwt","fhc","RaDFHEwt_fhc","D",326.253465
"2014","eastside","OSW","RaDFHEwt","fhc","RaDFHEwt_fhc","E",2678.08059
"2014","eastside","OSW","RaDFHEwt","fwm","RaDFHEwt_fwm","A",16977.6343
"2014","eastside","OSW","RaDFHEwt","fwm","RaDFHEwt_fwm","B",41771.11848
"2014","eastside","OSW","RaDFHEwt","fwm","RaDFHEwt_fwm","C",10357.37994
"2014","eastside","OSW","RaDFHEwt","fwm","RaDFHEwt_fwm","D",2426.32945
"2014","eastside","OSW","RaDFHEwt","fwm","RaDFHEwt_fwm","E",25560.969325
"2014","eastside","OSW","RaDFHEwt","fwn","RaDFHEwt_fwn","A",430.779115
"2014","eastside","OSW","RaDFHEwt","fwn","RaDFHEwt_fwn","B",1551.87231
"2014","eastside","OSW","RaDFHEwt","fwn","RaDFHEwt_fwn","C",617.81331
"2014","eastside","OSW","RaDFHEwt","fwn","RaDFHEwt_fwn","D",211.942435
"2014","eastside","OSW","RaDFHEwt","fwn","RaDFHEwt_fwn","E",1161.124295
"2014","eastside","OSW","RaDFWV","fwx","RaDFWV_fwx","A",5118.64332
"2014","eastside","OSW","RaDFWV","fwx","RaDFWV_fwx","B",13122.416975
"2014","eastside","OSW","RaDFWV","fwx","RaDFWV_fwx","C",1855.441485
"2014","eastside","OSW","RaDFWV","fwx","RaDFWV_fwx","D",193.48365
"2014","eastside","OSW","RaDFWV","fwx","RaDFWV_fwx","E",9328.358275
"2014","eastside","OSW","RaMCONdy","fdx","RaMCONdy_fdx","A",51.818035
"2014","eastside","OSW","RaMCONdy","fdx","RaMCONdy_fdx","B",113.42145
"2014","eastside","OSW","RaMCONdy","fdx","RaMCONdy_fdx","C",18.23639
"2014","eastside","OSW","RaMCONdy","fdx","RaMCONdy_fdx","D",0.88958
"2014","eastside","OSW","RaMCONdy","fdx","RaMCONdy_fdx","E",62.492995
"2014","eastside","OSW","RaMCONsw","fdm","RaMCONsw_fdm","A",26822.61616
"2014","eastside","OSW","RaMCONsw","fdm","RaMCONsw_fdm","B",107515.305985
"2014","eastside","OSW","RaMCONsw","fdm","RaMCONsw_fdm","C",12920.927105
"2014","eastside","OSW","RaMCONsw","fdm","RaMCONsw_fdm","D",5685.083385
"2014","eastside","OSW","RaMCONsw","fdm","RaMCONsw_fdm","E",46100.926735
"2014","eastside","OSW","RaMCONsw","fiw","RaMCONsw_fiw","A",70092.23215
"2014","eastside","OSW","RaMCONsw","fiw","RaMCONsw_fiw","B",548582.858475
"2014","eastside","OSW","RaMCONsw","fiw","RaMCONsw_fiw","C",83289.59624
"2014","eastside","OSW","RaMCONsw","fiw","RaMCONsw_fiw","D",12950.95043
"2014","eastside","OSW","RaMCONsw","fiw","RaMCONsw_fiw","E",196774.873605
"2014","eastside","OSW","RaMCONsw","fvw","RaMCONsw_fvw","A",8183.24642
"2014","eastside","OSW","RaMCONsw","fvw","RaMCONsw_fvw","B",43334.777725
"2014","eastside","OSW","RaMCONsw","fvw","RaMCONsw_fvw","C",6768.36943
"2014","eastside","OSW","RaMCONsw","fvw","RaMCONsw_fvw","D",1923.27196
"2014","eastside","OSW","RaMCONsw","fvw","RaMCONsw_fvw","E",19841.63711
"2014","eastside","OSW","RaMEVG","ftd","RaMEVG_ftd","A",34362.918635
"2014","eastside","OSW","RaMEVG","ftd","RaMEVG_ftd","B",131835.978395
"2014","eastside","OSW","RaMEVG","ftd","RaMEVG_ftd","C",17370.161475
"2014","eastside","OSW","RaMEVG","ftd","RaMEVG_ftd","D",9349.04101
"2014","eastside","OSW","RaMEVG","ftd","RaMEVG_ftd","E",120096.85832
"2014","eastside","OSW","RaMEVG","fuc","RaMEVG_fuc","A",4466.358785
"2014","eastside","OSW","RaMEVG","fuc","RaMEVG_fuc","B",28701.40912
"2014","eastside","OSW","RaMEVG","fuc","RaMEVG_fuc","C",2742.13035
"2014","eastside","OSW","RaMEVG","fuc","RaMEVG_fuc","D",1677.080695
"2014","eastside","OSW","RaMEVG","fuc","RaMEVG_fuc","E",30452.10256
"2014","eastside","OSW","RaPICOpu","flp","RaPICOpu_flp","A",507.727785
"2014","eastside","OSW","RaPICOpu","flp","RaPICOpu_flp","B",8173.238645
"2014","eastside","OSW","RaPICOpu","flp","RaPICOpu_flp","C",1650.393295
"2014","eastside","OSW","RaPICOpu","flp","RaPICOpu_flp","D",1695.53948
"2014","eastside","OSW","RaPICOpu","flp","RaPICOpu_flp","E",12297.10913
"2014","eastside","OSW","RaPIJEsp","fjp","RaPIJEsp_fjp","A",4825.52671
"2014","eastside","OSW","RaPIJEsp","fjp","RaPIJEsp_fjp","B",28049.34698
"2014","eastside","OSW","RaPIJEsp","fjp","RaPIJEsp_fjp","C",3795.615465
"2014","eastside","OSW","RaPIJEsp","fjp","RaPIJEsp_fjp","D",2592.903305
"2014","eastside","OSW","RaPIJEsp","fjp","RaPIJEsp_fjp","E",28434.97991
"2014","eastside","OSW","RaPIPOm","fpd","RaPIPOm_fpd","A",2741.463165
"2014","eastside","OSW","RaPIPOm","fpd","RaPIPOm_fpd","B",30903.56441
"2014","eastside","OSW","RaPIPOm","fpd","RaPIPOm_fpd","C",4677.41164
"2014","eastside","OSW","RaPIPOm","fpd","RaPIPOm_fpd","D",1191.814805
"2014","eastside","OSW","RaPIPOm","fpd","RaPIPOm_fpd","E",15367.272105
"2014","eastside","OSW","RaREFI","fcw","RaREFI_fcw","A",26009.09525
"2014","eastside","OSW","RaREFI","fcw","RaREFI_fcw","B",94348.8548
"2014","eastside","OSW","RaREFI","fcw","RaREFI_fcw","C",22719.8732
"2014","eastside","OSW","RaREFI","fcw","RaREFI_fcw","D",4967.41472
"2014","eastside","OSW","RaREFI","fcw","RaREFI_fcw","E",51089.691375
"2014","eastside","OSW","RaREFI","frm","RaREFI_frm","A",2477.702695
"2014","eastside","OSW","RaREFI","frm","RaREFI_frm","B",24832.6257
"2014","eastside","OSW","RaREFI","frm","RaREFI_frm","C",6869.33676
"2014","eastside","OSW","RaREFI","frm","RaREFI_frm","D",1206.937665
"2014","eastside","OSW","RaREFI","frm","RaREFI_frm","E",10414.535455
"2014","eastside","OSW","RaSAWD","fal","RaSAWD_fal","A",578.449395
"2014","eastside","OSW","RaSAWD","fal","RaSAWD_fal","B",9013.446955
"2014","eastside","OSW","RaSAWD","fal","RaSAWD_fal","C",2273.988875
"2014","eastside","OSW","RaSAWD","fal","RaSAWD_fal","D",1089.068315
"2014","eastside","OSW","RaSAWD","fal","RaSAWD_fal","E",10030.90408
"2014","eastside","OSW","RaTAOAco","ftm","RaTAOAco_ftm","A",9882.78901
"2014","eastside","OSW","RaTAOAco","ftm","RaTAOAco_ftm","B",21697.30099
"2014","eastside","OSW","RaTAOAco","ftm","RaTAOAco_ftm","C",6210.60277
"2014","eastside","OSW","RaTAOAco","ftm","RaTAOAco_ftm","D",3678.190905
"2014","eastside","OSW","RaTAOAco","ftm","RaTAOAco_ftm","E",14851.315705
"2014","eastside","WCB","Na0710412","fmh","Na0710412_fmh","A",8.8958
"2014","eastside","WCB","Na0710412","fmh","Na0710412_fmh","B",18.013995
"2014","eastside","WCB","Na0710412","fmh","Na0710412_fmh","C",12.89891
"2014","eastside","WCB","Na0710412","fmh","Na0710412_fmh","D",1.556765
"2014","eastside","WCB","Na0710412","fmh","Na0710412_fmh","E",14.900465
"2014","eastside","WCB","Na1010471","frn","Na1010471_frn","A",0.88958
"2014","eastside","WCB","Na1010471","frn","Na1010471_frn","B",14.23328
"2014","eastside","WCB","Na1010471","frn","Na1010471_frn","C",8.00622
"2014","eastside","WCB","Na1010471","frn","Na1010471_frn","D",0.222395
"2014","eastside","WCB","Na1010471","frn","Na1010471_frn","E",0.667185
"2014","eastside","WCB","RaMCONdy","fdd","RaMCONdy_fdd","A",139.441665
"2014","eastside","WCB","RaMCONdy","fdd","RaMCONdy_fdd","B",851.550455
"2014","eastside","WCB","RaMCONdy","fdd","RaMCONdy_fdd","C",687.20055
"2014","eastside","WCB","RaMCONdy","fdd","RaMCONdy_fdd","D",50.26127
"2014","eastside","WCB","RaMCONdy","fdd","RaMCONdy_fdd","E",115.6454
"2014","eastside","WCB","RaMCONdy","fmd","RaMCONdy_fmd","A",181.47432
"2014","eastside","WCB","RaMCONdy","fmd","RaMCONdy_fmd","B",625.37474
"2014","eastside","WCB","RaMCONdy","fmd","RaMCONdy_fmd","C",481.26278
"2014","eastside","WCB","RaMCONdy","fmd","RaMCONdy_fmd","D",109.86313
"2014","eastside","WCB","RaMCONdy","fmd","RaMCONdy_fmd","E",211.27525
"2014","eastside","WCB","RaMCONms","fcm","RaMCONms_fcm","A",16.234835
"2014","eastside","WCB","RaMCONms","fcm","RaMCONms_fcm","B",153.674945
"2014","eastside","WCB","RaMCONms","fcm","RaMCONms_fcm","C",107.861575
"2014","eastside","WCB","RaMCONms","fcm","RaMCONms_fcm","D",7.339035
"2014","eastside","WCB","RaMCONms","fcm","RaMCONms_fcm","E",12.231725
"2014","eastside","WCB","RaMCONms","fmm","RaMCONms_fmm","A",184.14306
"2014","eastside","WCB","RaMCONms","fmm","RaMCONms_fmm","B",500.83354
"2014","eastside","WCB","RaMCONms","fmm","RaMCONms_fmm","C",413.877095
"2014","eastside","WCB","RaMCONms","fmm","RaMCONms_fmm","D",103.19128
"2014","eastside","WCB","RaMCONms","fmm","RaMCONms_fmm","E",177.916
"2014","eastside","WCB","RaPIPOm","fpd","RaPIPOm_fpd","A",1143.332695
"2014","eastside","WCB","RaPIPOm","fpd","RaPIPOm_fpd","B",2694.09303
"2014","eastside","WCB","RaPIPOm","fpd","RaPIPOm_fpd","C",1762.480375
"2014","eastside","WCB","RaPIPOm","fpd","RaPIPOm_fpd","D",285.777575
"2014","eastside","WCB","RaPIPOm","fpd","RaPIPOm_fpd","E",973.867705
"2014","eastside","WCB","RaSPFI","fcd","RaSPFI_fcd","A",1.77916
"2014","eastside","WCB","RaSPFI","fcd","RaSPFI_fcd","B",41.36547
"2014","eastside","WCB","RaSPFI","fcd","RaSPFI_fcd","C",19.793155
"2014","eastside","WCB","RaSPFI","fcd","RaSPFI_fcd","D",0.667185
"2014","eastside","WCB","RaSPFI","fcd","RaSPFI_fcd","E",1.556765
"2014","eastside","WEC","Na0710412","fmh","Na0710412_fmh","A",68322.190345
"2014","eastside","WEC","Na0710412","fmh","Na0710412_fmh","B",314660.236045
"2014","eastside","WEC","Na0710412","fmh","Na0710412_fmh","C",53540.039485
"2014","eastside","WEC","Na0710412","fmh","Na0710412_fmh","D",7756.24802
"2014","eastside","WEC","Na0710412","fmh","Na0710412_fmh","E",220430.140175
"2014","eastside","WEC","RaABAMlw","fsi","RaABAMlw_fsi","A",24316.446905
"2014","eastside","WEC","RaABAMlw","fsi","RaABAMlw_fsi","B",151768.352665
"2014","eastside","WEC","RaABAMlw","fsi","RaABAMlw_fsi","C",25997.308315
"2014","eastside","WEC","RaABAMlw","fsi","RaABAMlw_fsi","D",3767.3713
"2014","eastside","WEC","RaABAMlw","fsi","RaABAMlw_fsi","E",94096.436475
"2014","eastside","WEC","RaMCONdy","fmd","RaMCONdy_fmd","A",107358.295115
"2014","eastside","WEC","RaMCONdy","fmd","RaMCONdy_fmd","B",542340.675615
"2014","eastside","WEC","RaMCONdy","fmd","RaMCONdy_fmd","C",109371.19226
"2014","eastside","WEC","RaMCONdy","fmd","RaMCONdy_fmd","D",22139.644645
"2014","eastside","WEC","RaMCONdy","fmd","RaMCONdy_fmd","E",469418.46709
"2014","eastside","WEC","RaMCONms","fmm","RaMCONms_fmm","A",68445.61957
"2014","eastside","WEC","RaMCONms","fmm","RaMCONms_fmm","B",391302.445735
"2014","eastside","WEC","RaMCONms","fmm","RaMCONms_fmm","C",69660.563455
"2014","eastside","WEC","RaMCONms","fmm","RaMCONms_fmm","D",10535.29594
"2014","eastside","WEC","RaMCONms","fmm","RaMCONms_fmm","E",284150.08839
"2014","eastside","WEC","RaOAPI","fop","RaOAPI_fop","A",748.359175
"2014","eastside","WEC","RaOAPI","fop","RaOAPI_fop","B",1976.64676
"2014","eastside","WEC","RaOAPI","fop","RaOAPI_fop","C",832.424485
"2014","eastside","WEC","RaOAPI","fop","RaOAPI_fop","D",138.77448
"2014","eastside","WEC","RaOAPI","fop","RaOAPI_fop","E",1753.584575
"2014","eastside","WEC","RaPIPOm","fpd","RaPIPOm_fpd","A",12157.222675
"2014","eastside","WEC","RaPIPOm","fpd","RaPIPOm_fpd","B",51092.58251
"2014","eastside","WEC","RaPIPOm","fpd","RaPIPOm_fpd","C",16294.214465
"2014","eastside","WEC","RaPIPOm","fpd","RaPIPOm_fpd","D",2875.344955
"2014","eastside","WEC","RaPIPOm","fpd","RaPIPOm_fpd","E",46891.763355
"2014","eastside","WEC","RaSAWD","fal","RaSAWD_fal","A",25133.526135
"2014","eastside","WEC","RaSAWD","fal","RaSAWD_fal","B",140653.27296
"2014","eastside","WEC","RaSAWD","fal","RaSAWD_fal","C",20666.944955
"2014","eastside","WEC","RaSAWD","fal","RaSAWD_fal","D",3361.945215
"2014","eastside","WEC","RaSAWD","fal","RaSAWD_fal","E",108852.789515
"2014","eastside","WNE","Na0710412","fmh","Na0710412_fmh","A",141.220825
"2014","eastside","WNE","Na0710412","fmh","Na0710412_fmh","B",642.499155
"2014","eastside","WNE","Na0710412","fmh","Na0710412_fmh","C",313.354555
"2014","eastside","WNE","Na0710412","fmh","Na0710412_fmh","D",28.688955
"2014","eastside","WNE","Na0710412","fmh","Na0710412_fmh","E",492.604925
"2014","eastside","WNE","Na1010471","frn","Na1010471_frn","A",24831.73612
"2014","eastside","WNE","Na1010471","frn","Na1010471_frn","B",236017.58333
"2014","eastside","WNE","Na1010471","frn","Na1010471_frn","C",67534.68965
"2014","eastside","WNE","Na1010471","frn","Na1010471_frn","D",3141.774165
"2014","eastside","WNE","Na1010471","frn","Na1010471_frn","E",28726.094965
"2014","eastside","WNE","RaABLA","faf","RaABLA_faf","A",1303.457095
"2014","eastside","WNE","RaABLA","faf","RaABLA_faf","B",3564.54706
"2014","eastside","WNE","RaABLA","faf","RaABLA_faf","C",881.12899
"2014","eastside","WNE","RaABLA","faf","RaABLA_faf","D",177.02642
"2014","eastside","WNE","RaABLA","faf","RaABLA_faf","E",2722.781985
"2014","eastside","WNE","RaMCONdy","fdd","RaMCONdy_fdd","A",172683.04565
"2014","eastside","WNE","RaMCONdy","fdd","RaMCONdy_fdd","B",768941.165065
"2014","eastside","WNE","RaMCONdy","fdd","RaMCONdy_fdd","C",321614.082905
"2014","eastside","WNE","RaMCONdy","fdd","RaMCONdy_fdd","D",30132.076155
"2014","eastside","WNE","RaMCONdy","fdd","RaMCONdy_fdd","E",218621.84643
"2014","eastside","WNE","RaMCONdy","fmd","RaMCONdy_fmd","A",4895.80353
"2014","eastside","WNE","RaMCONdy","fmd","RaMCONdy_fmd","B",22450.997645
"2014","eastside","WNE","RaMCONdy","fmd","RaMCONdy_fmd","C",10325.79985
"2014","eastside","WNE","RaMCONdy","fmd","RaMCONdy_fmd","D",1270.76503
"2014","eastside","WNE","RaMCONdy","fmd","RaMCONdy_fmd","E",10572.21351
"2014","eastside","WNE","RaMCONms","fcm","RaMCONms_fcm","A",4477.033745
"2014","eastside","WNE","RaMCONms","fcm","RaMCONms_fcm","B",39476.44687
"2014","eastside","WNE","RaMCONms","fcm","RaMCONms_fcm","C",19523.16747
"2014","eastside","WNE","RaMCONms","fcm","RaMCONms_fcm","D",1500.27667
"2014","eastside","WNE","RaMCONms","fcm","RaMCONms_fcm","E",9723.99898
"2014","eastside","WNE","RaMCONms","fmm","RaMCONms_fmm","A",371.177255
"2014","eastside","WNE","RaMCONms","fmm","RaMCONms_fmm","B",1997.99668
"2014","eastside","WNE","RaMCONms","fmm","RaMCONms_fmm","C",667.62979
"2014","eastside","WNE","RaMCONms","fmm","RaMCONms_fmm","D",89.180395
"2014","eastside","WNE","RaMCONms","fmm","RaMCONms_fmm","E",325.808675
"2014","eastside","WNE","RaPIPOm","fpd","RaPIPOm_fpd","A",18560.864305
"2014","eastside","WNE","RaPIPOm","fpd","RaPIPOm_fpd","B",97739.711365
"2014","eastside","WNE","RaPIPOm","fpd","RaPIPOm_fpd","C",36790.36006
"2014","eastside","WNE","RaPIPOm","fpd","RaPIPOm_fpd","D",3416.43199
"2014","eastside","WNE","RaPIPOm","fpd","RaPIPOm_fpd","E",22939.15467
"2014","eastside","WNE","RaSAWD","fal","RaSAWD_fal","A",8740.790685
"2014","eastside","WNE","RaSAWD","fal","RaSAWD_fal","B",30568.415145
"2014","eastside","WNE","RaSAWD","fal","RaSAWD_fal","C",7973.527935
"2014","eastside","WNE","RaSAWD","fal","RaSAWD_fal","D",1306.125835
"2014","eastside","WNE","RaSAWD","fal","RaSAWD_fal","E",20959.83917
"2014","eastside","WNE","RaSPFI","fcd","RaSPFI_fcd","A",52808.804725
"2014","eastside","WNE","RaSPFI","fcd","RaSPFI_fcd","B",175979.161945
"2014","eastside","WNE","RaSPFI","fcd","RaSPFI_fcd","C",77303.61242
"2014","eastside","WNE","RaSPFI","fcd","RaSPFI_fcd","D",11631.036105
"2014","eastside","WNE","RaSPFI","fcd","RaSPFI_fcd","E",78517.666725
"2014","eastside","ZoneNull","RaDFHEdy","fwi","RaDFHEdy_fwi","A",29.578535
"2014","eastside","ZoneNull","RaDFHEdy","fwi","RaDFHEdy_fwi","B",170.79936
"2014","eastside","ZoneNull","RaDFHEdy","fwi","RaDFHEdy_fwi","C",32.692065
"2014","eastside","ZoneNull","RaDFHEdy","fwi","RaDFHEdy_fwi","D",5.559875
"2014","eastside","ZoneNull","RaDFHEdy","fwi","RaDFHEdy_fwi","E",56.710725
"2014","eastside","ZoneNull","RaDFHEwt","fwc","RaDFHEwt_fwc","B",0.222395
"2014","eastside","ZoneNull","RaDFHEwt","fwn","RaDFHEwt_fwn","A",265.09484
"2014","eastside","ZoneNull","RaDFHEwt","fwn","RaDFHEwt_fwn","B",1750.69344
"2014","eastside","ZoneNull","RaDFHEwt","fwn","RaDFHEwt_fwn","C",130.545865
"2014","eastside","ZoneNull","RaDFHEwt","fwn","RaDFHEwt_fwn","D",30.912905
"2014","eastside","ZoneNull","RaDFHEwt","fwn","RaDFHEwt_fwn","E",373.17881
"2014","eastside","ZoneNull","RaDFHEwt","fww","RaDFHEwt_fww","A",107.861575
"2014","eastside","ZoneNull","RaDFHEwt","fww","RaDFHEwt_fww","B",465.25034
"2014","eastside","ZoneNull","RaDFHEwt","fww","RaDFHEwt_fww","C",13.121305
"2014","eastside","ZoneNull","RaDFHEwt","fww","RaDFHEwt_fww","D",4.4479
"2014","eastside","ZoneNull","RaDFHEwt","fww","RaDFHEwt_fww","E",47.14774
"2014","eastside","ZoneNull","RaDFWV","fwx","RaDFWV_fwx","A",213.4992
"2014","eastside","ZoneNull","RaDFWV","fwx","RaDFWV_fwx","B",1437.338885
"2014","eastside","ZoneNull","RaDFWV","fwx","RaDFWV_fwx","C",401.867765
"2014","eastside","ZoneNull","RaDFWV","fwx","RaDFWV_fwx","D",61.158625
"2014","eastside","ZoneNull","RaDFWV","fwx","RaDFWV_fwx","E",653.39651
"2014","eastside","ZoneNull","RaSSHE","fss","RaSSHE_fss","A",49.149295
"2014","eastside","ZoneNull","RaSSHE","fss","RaSSHE_fss","B",493.7169
"2014","eastside","ZoneNull","RaSSHE","fss","RaSSHE_fss","C",7.11664
"2014","eastside","ZoneNull","RaSSHE","fss","RaSSHE_fss","D",10.897355
"2014","eastside","ZoneNull","RaSSHE","fss","RaSSHE_fss","E",64.272155
"2014","westside","OCR","Na0210290","fdw","Na0210290_fdw","A",2129.65452
"2014","westside","OCR","Na0210290","fdw","Na0210290_fdw","B",12905.359455
"2014","westside","OCR","Na0210290","fdw","Na0210290_fdw","C",2747.91262
"2014","westside","OCR","Na0210290","fdw","Na0210290_fdw","D",4184.58432
"2014","westside","OCR","Na0210290","fdw","Na0210290_fdw","E",17898.127205
"2014","westside","OCR","Na0210350","fvg","Na0210350_fvg","A",3112.418025
"2014","westside","OCR","Na0210350","fvg","Na0210350_fvg","B",21951.053685
"2014","westside","OCR","Na0210350","fvg","Na0210350_fvg","C",4748.800435
"2014","westside","OCR","Na0210350","fvg","Na0210350_fvg","D",7507.61041
"2014","westside","OCR","Na0210350","fvg","Na0210350_fvg","E",37211.353795
"2014","westside","OCR","R1RFWF","fcw","R1RFWF_fcw","A",1.33437
"2014","westside","OCR","RaABAMup","fsi","RaABAMup_fsi","A",892.915925
"2014","westside","OCR","RaABAMup","fsi","RaABAMup_fsi","B",3289.444445
"2014","westside","OCR","RaABAMup","fsi","RaABAMup_fsi","C",69.38724
"2014","westside","OCR","RaABAMup","fsi","RaABAMup_fsi","D",402.97974
"2014","westside","OCR","RaABAMup","fsi","RaABAMup_fsi","E",2100.520775
"2014","westside","OCR","RaABAMup","fsw","RaABAMup_fsw","A",4.00311
"2014","westside","OCR","RaABAMup","fsw","RaABAMup_fsw","B",2.446345
"2014","westside","OCR","RaABAMup","fsw","RaABAMup_fsw","C",0.222395
"2014","westside","OCR","RaABAMup","fsw","RaABAMup_fsw","D",0.667185
"2014","westside","OCR","RaABAMup","fsw","RaABAMup_fsw","E",2.66874
"2014","westside","OCR","RaDFHEdy","fwi","RaDFHEdy_fwi","A",44671.59407
"2014","westside","OCR","RaDFHEdy","fwi","RaDFHEdy_fwi","B",180113.2626
"2014","westside","OCR","RaDFHEdy","fwi","RaDFHEdy_fwi","C",17460.898635
"2014","westside","OCR","RaDFHEdy","fwi","RaDFHEdy_fwi","D",32899.559535
"2014","westside","OCR","RaDFHEdy","fwi","RaDFHEdy_fwi","E",162509.36398
"2014","westside","OCR","RaDFHEwt","fdm","RaDFHEwt_fdm","A",1964.19264
"2014","westside","OCR","RaDFHEwt","fdm","RaDFHEwt_fdm","B",8521.73161
"2014","westside","OCR","RaDFHEwt","fdm","RaDFHEwt_fdm","C",1155.342025
"2014","westside","OCR","RaDFHEwt","fdm","RaDFHEwt_fdm","D",1629.043375
"2014","westside","OCR","RaDFHEwt","fdm","RaDFHEwt_fdm","E",8812.846665
"2014","westside","OCR","RaDFHEwt","fhc","RaDFHEwt_fhc","A",2856.218985
"2014","westside","OCR","RaDFHEwt","fhc","RaDFHEwt_fhc","B",11455.12166
"2014","westside","OCR","RaDFHEwt","fhc","RaDFHEwt_fhc","C",3398.417995
"2014","westside","OCR","RaDFHEwt","fhc","RaDFHEwt_fhc","D",1441.341995
"2014","westside","OCR","RaDFHEwt","fhc","RaDFHEwt_fhc","E",8809.06595
"2014","westside","OCR","RaDFHEwt","fwc","RaDFHEwt_fwc","E",0.88958
"2014","westside","OCR","RaDFHEwt","fwn","RaDFHEwt_fwn","A",41432.1885
"2014","westside","OCR","RaDFHEwt","fwn","RaDFHEwt_fwn","B",172504.017675
"2014","westside","OCR","RaDFHEwt","fwn","RaDFHEwt_fwn","C",11805.17139
"2014","westside","OCR","RaDFHEwt","fwn","RaDFHEwt_fwn","D",27924.583385
"2014","westside","OCR","RaDFHEwt","fwn","RaDFHEwt_fwn","E",133862.66403
"2014","westside","OCR","RaDFHEwt","fww","RaDFHEwt_fww","A",1715.99982
"2014","westside","OCR","RaDFHEwt","fww","RaDFHEwt_fww","B",7697.313345
"2014","westside","OCR","RaDFHEwt","fww","RaDFHEwt_fww","C",84.06531
"2014","westside","OCR","RaDFHEwt","fww","RaDFHEwt_fww","D",592.01549
"2014","westside","OCR","RaDFHEwt","fww","RaDFHEwt_fww","E",5685.083385
"2014","westside","OCR","RaDFWV","fwx","RaDFWV_fwx","A",46622.665405
"2014","westside","OCR","RaDFWV","fwx","RaDFWV_fwx","B",251683.97671
"2014","westside","OCR","RaDFWV","fwx","RaDFWV_fwx","C",34359.58271
"2014","westside","OCR","RaDFWV","fwx","RaDFWV_fwx","D",64126.70867
"2014","westside","OCR","RaDFWV","fwx","RaDFWV_fwx","E",233313.927315
"2014","westside","OCR","RaMCONsw","fiw","RaMCONsw_fiw","A",46.70295
"2014","westside","OCR","RaMCONsw","fiw","RaMCONsw_fiw","B",88.06842
"2014","westside","OCR","RaMCONsw","fiw","RaMCONsw_fiw","C",14.455675
"2014","westside","OCR","RaMCONsw","fiw","RaMCONsw_fiw","D",15.56765
"2014","westside","OCR","RaMCONsw","fiw","RaMCONsw_fiw","E",104.52565
"2014","westside","OCR","RaMCONsw","fvw","RaMCONsw_fvw","A",160.56919
"2014","westside","OCR","RaMCONsw","fvw","RaMCONsw_fvw","B",1644.38863
"2014","westside","OCR","RaMCONsw","fvw","RaMCONsw_fvw","C",156.343685
"2014","westside","OCR","RaMCONsw","fvw","RaMCONsw_fvw","D",318.247245
"2014","westside","OCR","RaMCONsw","fvw","RaMCONsw_fvw","E",1400.421315
"2014","westside","OCR","RaSSHE","fss","RaSSHE_fss","A",4332.69939
"2014","westside","OCR","RaSSHE","fss","RaSSHE_fss","B",17302.998185
"2014","westside","OCR","RaSSHE","fss","RaSSHE_fss","C",565.995275
"2014","westside","OCR","RaSSHE","fss","RaSSHE_fss","D",2103.189515
"2014","westside","OCR","RaSSHE","fss","RaSSHE_fss","E",5822.74589
"2014","westside","OWC","Na0210290","fdw","Na0210290_fdw","A",388.524065
"2014","westside","OWC","Na0210290","fdw","Na0210290_fdw","B",1057.26583
"2014","westside","OWC","Na0210290","fdw","Na0210290_fdw","C",146.558305
"2014","westside","OWC","Na0210290","fdw","Na0210290_fdw","D",129.211495
"2014","westside","OWC","Na0210290","fdw","Na0210290_fdw","E",969.6422
"2014","westside","OWC","Na0210350","fvg","Na0210350_fvg","A",205.270585
"2014","westside","OWC","Na0210350","fvg","Na0210350_fvg","B",972.31094
"2014","westside","OWC","Na0210350","fvg","Na0210350_fvg","C",119.20372
"2014","westside","OWC","Na0210350","fvg","Na0210350_fvg","D",41.143075
"2014","westside","OWC","Na0210350","fvg","Na0210350_fvg","E",650.28298
"2014","westside","OWC","Na0710412","fmc","Na0710412_fmc","A",17361.04328
"2014","westside","OWC","Na0710412","fmc","Na0710412_fmc","B",97768.622715
"2014","westside","OWC","Na0710412","fmc","Na0710412_fmc","C",14525.50703
"2014","westside","OWC","Na0710412","fmc","Na0710412_fmc","D",6425.658735
"2014","westside","OWC","Na0710412","fmc","Na0710412_fmc","E",108084.85958
"2014","westside","OWC","Na0710412","fmh","Na0710412_fmh","A",25.35303
"2014","westside","OWC","Na0710412","fmh","Na0710412_fmh","B",211.72004
"2014","westside","OWC","Na0710412","fmh","Na0710412_fmh","C",10.452565
"2014","westside","OWC","Na0710412","fmh","Na0710412_fmh","D",7.783825
"2014","westside","OWC","Na0710412","fmh","Na0710412_fmh","E",390.97041
"2014","westside","OWC","Na0710412","fmi","Na0710412_fmi","A",1996.439915
"2014","westside","OWC","Na0710412","fmi","Na0710412_fmi","B",6316.685185
"2014","westside","OWC","Na0710412","fmi","Na0710412_fmi","C",1298.34201
"2014","westside","OWC","Na0710412","fmi","Na0710412_fmi","D",606.69356
"2014","westside","OWC","Na0710412","fmi","Na0710412_fmi","E",6488.59652
"2014","westside","OWC","R1RFWF","fcw","R1RFWF_fcw","A",86.73405
"2014","westside","OWC","R1RFWF","fcw","R1RFWF_fcw","B",58.26749
"2014","westside","OWC","R1RFWF","fcw","R1RFWF_fcw","C",12.676515
"2014","westside","OWC","R1RFWF","fcw","R1RFWF_fcw","D",2.891135
"2014","westside","OWC","R1RFWF","fcw","R1RFWF_fcw","E",70.944005
"2014","westside","OWC","RaABAMlw","fsi","RaABAMlw_fsi","A",62933.114705
"2014","westside","OWC","RaABAMlw","fsi","RaABAMlw_fsi","B",208364.98903
"2014","westside","OWC","RaABAMlw","fsi","RaABAMlw_fsi","C",43909.001615
"2014","westside","OWC","RaABAMlw","fsi","RaABAMlw_fsi","D",14416.53348
"2014","westside","OWC","RaABAMlw","fsi","RaABAMlw_fsi","E",194231.119595
"2014","westside","OWC","RaABAMlw","fsw","RaABAMlw_fsw","A",25379.939795
"2014","westside","OWC","RaABAMlw","fsw","RaABAMlw_fsw","B",82019.053605
"2014","westside","OWC","RaABAMlw","fsw","RaABAMlw_fsw","C",16097.83968
"2014","westside","OWC","RaABAMlw","fsw","RaABAMlw_fsw","D",4810.40385
"2014","westside","OWC","RaABAMlw","fsw","RaABAMlw_fsw","E",71957.903805
"2014","westside","OWC","RaABAMlw","fwc","RaABAMlw_fwc","A",6501.273035
"2014","westside","OWC","RaABAMlw","fwc","RaABAMlw_fwc","B",21048.129985
"2014","westside","OWC","RaABAMlw","fwc","RaABAMlw_fwc","C",4583.783345
"2014","westside","OWC","RaABAMlw","fwc","RaABAMlw_fwc","D",1292.11495
"2014","westside","OWC","RaABAMlw","fwc","RaABAMlw_fwc","E",16393.847425
"2014","westside","OWC","RaABAMup","fsi","RaABAMup_fsi","A",78.060645
"2014","westside","OWC","RaABAMup","fsi","RaABAMup_fsi","B",603.13524
"2014","westside","OWC","RaABAMup","fsi","RaABAMup_fsi","C",35.13841
"2014","westside","OWC","RaABAMup","fsi","RaABAMup_fsi","D",24.90824
"2014","westside","OWC","RaABAMup","fsi","RaABAMup_fsi","E",687.64534
"2014","westside","OWC","RaABAMup","fsw","RaABAMup_fsw","A",21.127525
"2014","westside","OWC","RaABAMup","fsw","RaABAMup_fsw","B",199.488315
"2014","westside","OWC","RaABAMup","fsw","RaABAMup_fsw","C",12.45412
"2014","westside","OWC","RaABAMup","fsw","RaABAMup_fsw","D",8.228615
"2014","westside","OWC","RaABAMup","fsw","RaABAMup_fsw","E",234.181935
"2014","westside","OWC","RaDFHEdy","fwi","RaDFHEdy_fwi","A",91687.898625
"2014","westside","OWC","RaDFHEdy","fwi","RaDFHEdy_fwi","B",275790.927525
"2014","westside","OWC","RaDFHEdy","fwi","RaDFHEdy_fwi","C",54778.11245
"2014","westside","OWC","RaDFHEdy","fwi","RaDFHEdy_fwi","D",15591.001475
"2014","westside","OWC","RaDFHEdy","fwi","RaDFHEdy_fwi","E",266708.315725
"2014","westside","OWC","RaDFHEwt","fdm","RaDFHEwt_fdm","A",8788.16082
"2014","westside","OWC","RaDFHEwt","fdm","RaDFHEwt_fdm","B",28604.00011
"2014","westside","OWC","RaDFHEwt","fdm","RaDFHEwt_fdm","C",4202.598315
"2014","westside","OWC","RaDFHEwt","fdm","RaDFHEwt_fdm","D",889.58
"2014","westside","OWC","RaDFHEwt","fdm","RaDFHEwt_fdm","E",20819.507925
"2014","westside","OWC","RaDFHEwt","fwc","RaDFHEwt_fwc","A",12.45412
"2014","westside","OWC","RaDFHEwt","fwc","RaDFHEwt_fwc","B",120.315695
"2014","westside","OWC","RaDFHEwt","fwc","RaDFHEwt_fwc","C",6.449455
"2014","westside","OWC","RaDFHEwt","fwc","RaDFHEwt_fwc","D",13.121305
"2014","westside","OWC","RaDFHEwt","fwc","RaDFHEwt_fwc","E",197.04197
"2014","westside","OWC","RaDFHEwt","fwm","RaDFHEwt_fwm","A",12225.94273
"2014","westside","OWC","RaDFHEwt","fwm","RaDFHEwt_fwm","B",24700.300675
"2014","westside","OWC","RaDFHEwt","fwm","RaDFHEwt_fwm","C",8014.67101
"2014","westside","OWC","RaDFHEwt","fwm","RaDFHEwt_fwm","D",3110.194075
"2014","westside","OWC","RaDFHEwt","fwm","RaDFHEwt_fwm","E",35373.036725
"2014","westside","OWC","RaDFHEwt","fwn","RaDFHEwt_fwn","A",634.71533
"2014","westside","OWC","RaDFHEwt","fwn","RaDFHEwt_fwn","B",3544.753905
"2014","westside","OWC","RaDFHEwt","fwn","RaDFHEwt_fwn","C",284.443205
"2014","westside","OWC","RaDFHEwt","fwn","RaDFHEwt_fwn","D",361.16948
"2014","westside","OWC","RaDFHEwt","fwn","RaDFHEwt_fwn","E",4376.955995
"2014","westside","OWC","RaDFHEwt","fww","RaDFHEwt_fww","A",60.49144
"2014","westside","OWC","RaDFHEwt","fww","RaDFHEwt_fww","B",66.7185
"2014","westside","OWC","RaDFHEwt","fww","RaDFHEwt_fww","C",69.164845
"2014","westside","OWC","RaDFHEwt","fww","RaDFHEwt_fww","D",66.496105
"2014","westside","OWC","RaDFHEwt","fww","RaDFHEwt_fww","E",249.0824
"2014","westside","OWC","RaDFWV","fwx","RaDFWV_fwx","A",35201.12539
"2014","westside","OWC","RaDFWV","fwx","RaDFWV_fwx","B",104908.1694
"2014","westside","OWC","RaDFWV","fwx","RaDFWV_fwx","C",15200.69825
"2014","westside","OWC","RaDFWV","fwx","RaDFWV_fwx","D",7087.28386
"2014","westside","OWC","RaDFWV","fwx","RaDFWV_fwx","E",100204.51515
"2014","westside","OWC","RaMCONdy","fdx","RaMCONdy_fdx","A",13.3437
"2014","westside","OWC","RaMCONdy","fdx","RaMCONdy_fdx","B",73.167955
"2014","westside","OWC","RaMCONdy","fdx","RaMCONdy_fdx","C",9.78538
"2014","westside","OWC","RaMCONdy","fdx","RaMCONdy_fdx","D",1.556765
"2014","westside","OWC","RaMCONdy","fdx","RaMCONdy_fdx","E",50.928455
"2014","westside","OWC","RaMCONsw","fiw","RaMCONsw_fiw","A",10819.739145
"2014","westside","OWC","RaMCONsw","fiw","RaMCONsw_fiw","B",38229.7005
"2014","westside","OWC","RaMCONsw","fiw","RaMCONsw_fiw","C",5776.710125
"2014","westside","OWC","RaMCONsw","fiw","RaMCONsw_fiw","D",1607.693455
"2014","westside","OWC","RaMCONsw","fiw","RaMCONsw_fiw","E",32966.94522
"2014","westside","OWC","RaSAWD","fal","RaSAWD_fal","A",843.989025
"2014","westside","OWC","RaSAWD","fal","RaSAWD_fal","B",6610.02419
"2014","westside","OWC","RaSAWD","fal","RaSAWD_fal","C",790.39183
"2014","westside","OWC","RaSAWD","fal","RaSAWD_fal","D",627.59869
"2014","westside","OWC","RaSAWD","fal","RaSAWD_fal","E",8412.090875
"2014","westside","WCR","Na0710411","fmt","Na0710411_fmt","A",4299.562535
"2014","westside","WCR","Na0710411","fmt","Na0710411_fmt","B",57274.71872
"2014","westside","WCR","Na0710411","fmt","Na0710411_fmt","C",2262.869125
"2014","westside","WCR","Na0710411","fmt","Na0710411_fmt","D",1324.58462
"2014","westside","WCR","Na0710411","fmt","Na0710411_fmt","E",59690.595605
"2014","westside","WCR","Na0710412","fmc","Na0710412_fmc","A",2361.167715
"2014","westside","WCR","Na0710412","fmc","Na0710412_fmc","B",20382.05696
"2014","westside","WCR","Na0710412","fmc","Na0710412_fmc","C",1213.609515
"2014","westside","WCR","Na0710412","fmc","Na0710412_fmc","D",635.60491
"2014","westside","WCR","Na0710412","fmc","Na0710412_fmc","E",26610.45133
"2014","westside","WCR","RaABAMlw","fsi","RaABAMlw_fsi","A",8574.884015
"2014","westside","WCR","RaABAMlw","fsi","RaABAMlw_fsi","B",70660.451375
"2014","westside","WCR","RaABAMlw","fsi","RaABAMlw_fsi","C",3383.739925
"2014","westside","WCR","RaABAMlw","fsi","RaABAMlw_fsi","D",2610.9173
"2014","westside","WCR","RaABAMlw","fsi","RaABAMlw_fsi","E",50756.76606
"2014","westside","WCR","RaABAMlw","fwc","RaABAMlw_fwc","A",1922.604775
"2014","westside","WCR","RaABAMlw","fwc","RaABAMlw_fwc","B",10114.96939
"2014","westside","WCR","RaABAMlw","fwc","RaABAMlw_fwc","C",1676.191115
"2014","westside","WCR","RaABAMlw","fwc","RaABAMlw_fwc","D",405.20369
"2014","westside","WCR","RaABAMlw","fwc","RaABAMlw_fwc","E",5472.918555
"2014","westside","WCR","RaABAMup","fst","RaABAMup_fst","A",20610.456625
"2014","westside","WCR","RaABAMup","fst","RaABAMup_fst","B",161910.454245
"2014","westside","WCR","RaABAMup","fst","RaABAMup_fst","C",4793.94662
"2014","westside","WCR","RaABAMup","fst","RaABAMup_fst","D",7240.73641
"2014","westside","WCR","RaABAMup","fst","RaABAMup_fst","E",85232.88375
"2014","westside","WCR","RaABLA","faf","RaABLA_faf","A",864.67176
"2014","westside","WCR","RaABLA","faf","RaABLA_faf","B",13256.298765
"2014","westside","WCR","RaABLA","faf","RaABLA_faf","C",1252.751035
"2014","westside","WCR","RaABLA","faf","RaABLA_faf","D",298.89888
"2014","westside","WCR","RaABLA","faf","RaABLA_faf","E",11700.20095
"2014","westside","WCR","RaDFHEdy","fdg","RaDFHEdy_fdg","A",38123.618085
"2014","westside","WCR","RaDFHEdy","fdg","RaDFHEdy_fdg","B",221569.02497
"2014","westside","WCR","RaDFHEdy","fdg","RaDFHEdy_fdg","C",21242.948005
"2014","westside","WCR","RaDFHEdy","fdg","RaDFHEdy_fdg","D",7535.409785
"2014","westside","WCR","RaDFHEdy","fdg","RaDFHEdy_fdg","E",103094.76057
"2014","westside","WCR","RaDFHEdy","fwi","RaDFHEdy_fwi","A",75339.197385
"2014","westside","WCR","RaDFHEdy","fwi","RaDFHEdy_fwi","B",437840.60104
"2014","westside","WCR","RaDFHEdy","fwi","RaDFHEdy_fwi","C",42431.63163
"2014","westside","WCR","RaDFHEdy","fwi","RaDFHEdy_fwi","D",15164.447865
"2014","westside","WCR","RaDFHEdy","fwi","RaDFHEdy_fwi","E",216448.824885
"2014","westside","WCR","RaDFHEwt","fwm","RaDFHEwt_fwm","A",8230.171765
"2014","westside","WCR","RaDFHEwt","fwm","RaDFHEwt_fwm","B",39403.50131
"2014","westside","WCR","RaDFHEwt","fwm","RaDFHEwt_fwm","C",5999.105125
"2014","westside","WCR","RaDFHEwt","fwm","RaDFHEwt_fwm","D",1793.39328
"2014","westside","WCR","RaDFHEwt","fwm","RaDFHEwt_fwm","E",22174.338265
"2014","westside","WCR","RaDFHEwt","fwn","RaDFHEwt_fwn","A",55020.523
"2014","westside","WCR","RaDFHEwt","fwn","RaDFHEwt_fwn","B",333686.79548
"2014","westside","WCR","RaDFHEwt","fwn","RaDFHEwt_fwn","C",21149.7645
"2014","westside","WCR","RaDFHEwt","fwn","RaDFHEwt_fwn","D",12944.500975
"2014","westside","WCR","RaDFHEwt","fwn","RaDFHEwt_fwn","E",99663.65051
"2014","westside","WCR","RaDFHEwt","fww","RaDFHEwt_fww","A",8362.719185
"2014","westside","WCR","RaDFHEwt","fww","RaDFHEwt_fww","B",47576.07277
"2014","westside","WCR","RaDFHEwt","fww","RaDFHEwt_fww","C",3623.481735
"2014","westside","WCR","RaDFHEwt","fww","RaDFHEwt_fww","D",2017.56744
"2014","westside","WCR","RaDFHEwt","fww","RaDFHEwt_fww","E",16276.64526
"2014","westside","WCR","RaSAWD","fal","RaSAWD_fal","A",2272.8769
"2014","westside","WCR","RaSAWD","fal","RaSAWD_fal","B",39441.75325
"2014","westside","WCR","RaSAWD","fal","RaSAWD_fal","C",2515.065055
"2014","westside","WCR","RaSAWD","fal","RaSAWD_fal","D",886.02168
"2014","westside","WCR","RaSAWD","fal","RaSAWD_fal","E",60518.349795
"2014","westside","WCR","RaSSHE","fss","RaSSHE_fss","A",5550.53441
"2014","westside","WCR","RaSSHE","fss","RaSSHE_fss","B",74186.301705
"2014","westside","WCR","RaSSHE","fss","RaSSHE_fss","C",1133.32492
"2014","westside","WCR","RaSSHE","fss","RaSSHE_fss","D",2467.25013
"2014","westside","WCR","RaSSHE","fss","RaSSHE_fss","E",14902.68895
"2014","westside","WNC","Na0710411","fmt","Na0710411_fmt","A",21554.5234
"2014","westside","WNC","Na0710411","fmt","Na0710411_fmt","B",126549.42685
"2014","westside","WNC","Na0710411","fmt","Na0710411_fmt","C",20405.853225
"2014","westside","WNC","Na0710411","fmt","Na0710411_fmt","D",3066.159865
"2014","westside","WNC","Na0710411","fmt","Na0710411_fmt","E",78422.926455
"2014","westside","WNC","Na0710412","fmc","Na0710412_fmc","A",9324.57756
"2014","westside","WNC","Na0710412","fmc","Na0710412_fmc","B",62780.32934
"2014","westside","WNC","Na0710412","fmc","Na0710412_fmc","C",7916.594815
"2014","westside","WNC","Na0710412","fmc","Na0710412_fmc","D",1211.60796
"2014","westside","WNC","Na0710412","fmc","Na0710412_fmc","E",41397.05009
"2014","westside","WNC","Na0710412","fmi","Na0710412_fmi","A",128.9891
"2014","westside","WNC","Na0710412","fmi","Na0710412_fmi","B",571.55515
"2014","westside","WNC","Na0710412","fmi","Na0710412_fmi","C",127.877125
"2014","westside","WNC","Na0710412","fmi","Na0710412_fmi","D",29.35614
"2014","westside","WNC","Na0710412","fmi","Na0710412_fmi","E",749.02636
"2014","westside","WNC","RaABAMlw","fsi","RaABAMlw_fsi","A",12334.249095
"2014","westside","WNC","RaABAMlw","fsi","RaABAMlw_fsi","B",69971.24927
"2014","westside","WNC","RaABAMlw","fsi","RaABAMlw_fsi","C",10157.446835
"2014","westside","WNC","RaABAMlw","fsi","RaABAMlw_fsi","D",1423.550395
"2014","westside","WNC","RaABAMlw","fsi","RaABAMlw_fsi","E",42781.23657
"2014","westside","WNC","RaABAMlw","fwc","RaABAMlw_fwc","A",5553.20315
"2014","westside","WNC","RaABAMlw","fwc","RaABAMlw_fwc","B",12688.746725
"2014","westside","WNC","RaABAMlw","fwc","RaABAMlw_fwc","C",2732.567365
"2014","westside","WNC","RaABAMlw","fwc","RaABAMlw_fwc","D",467.0295
"2014","westside","WNC","RaABAMlw","fwc","RaABAMlw_fwc","E",10582.88847
"2014","westside","WNC","RaABAMup","fst","RaABAMup_fst","A",43264.27851
"2014","westside","WNC","RaABAMup","fst","RaABAMup_fst","B",222399.00311
"2014","westside","WNC","RaABAMup","fst","RaABAMup_fst","C",39484.45309
"2014","westside","WNC","RaABAMup","fst","RaABAMup_fst","D",4930.274755
"2014","westside","WNC","RaABAMup","fst","RaABAMup_fst","E",127588.90108
"2014","westside","WNC","RaABLA","faf","RaABLA_faf","A",9094.17634
"2014","westside","WNC","RaABLA","faf","RaABLA_faf","B",23045.90427
"2014","westside","WNC","RaABLA","faf","RaABLA_faf","C",3544.309115
"2014","westside","WNC","RaABLA","faf","RaABLA_faf","D",662.069915
"2014","westside","WNC","RaABLA","faf","RaABLA_faf","E",17137.7587
"2014","westside","WNC","RaDFHEdy","fdg","RaDFHEdy_fdg","A",13208.92863
"2014","westside","WNC","RaDFHEdy","fdg","RaDFHEdy_fdg","B",57589.18525
"2014","westside","WNC","RaDFHEdy","fdg","RaDFHEdy_fdg","C",11649.0501
"2014","westside","WNC","RaDFHEdy","fdg","RaDFHEdy_fdg","D",1452.906535
"2014","westside","WNC","RaDFHEdy","fdg","RaDFHEdy_fdg","E",34878.875035
"2014","westside","WNC","RaDFHEdy","fwi","RaDFHEdy_fwi","A",10745.68161
"2014","westside","WNC","RaDFHEdy","fwi","RaDFHEdy_fwi","B",52072.89967
"2014","westside","WNC","RaDFHEdy","fwi","RaDFHEdy_fwi","C",12401.857175
"2014","westside","WNC","RaDFHEdy","fwi","RaDFHEdy_fwi","D",1889.91271
"2014","westside","WNC","RaDFHEdy","fwi","RaDFHEdy_fwi","E",36421.18436
"2014","westside","WNC","RaDFHEwt","fwm","RaDFHEwt_fwm","A",24677.83878
"2014","westside","WNC","RaDFHEwt","fwm","RaDFHEwt_fwm","B",112553.442315
"2014","westside","WNC","RaDFHEwt","fwm","RaDFHEwt_fwm","C",23730.213685
"2014","westside","WNC","RaDFHEwt","fwm","RaDFHEwt_fwm","D",2908.03702
"2014","westside","WNC","RaDFHEwt","fwm","RaDFHEwt_fwm","E",64885.298015
"2014","westside","WNC","RaDFHEwt","fww","RaDFHEwt_fww","A",8289.99602
"2014","westside","WNC","RaDFHEwt","fww","RaDFHEwt_fww","B",36623.341415
"2014","westside","WNC","RaDFHEwt","fww","RaDFHEwt_fww","C",7448.230945
"2014","westside","WNC","RaDFHEwt","fww","RaDFHEwt_fww","D",911.8195
"2014","westside","WNC","RaDFHEwt","fww","RaDFHEwt_fww","E",21228.714725
"2014","westside","WNC","RaSAWD","fal","RaSAWD_fal","A",20232.16273
"2014","westside","WNC","RaSAWD","fal","RaSAWD_fal","B",117463.923915
"2014","westside","WNC","RaSAWD","fal","RaSAWD_fal","C",15531.844405
"2014","westside","WNC","RaSAWD","fal","RaSAWD_fal","D",2361.612505
"2014","westside","WNC","RaSAWD","fal","RaSAWD_fal","E",73086.336035
"2014","westside","WWC","Na0710411","fmt","Na0710411_fmt","A",561.76977
"2014","westside","WWC","Na0710411","fmt","Na0710411_fmt","B",1795.17244
"2014","westside","WWC","Na0710411","fmt","Na0710411_fmt","C",457.466515
"2014","westside","WWC","Na0710411","fmt","Na0710411_fmt","D",47.14774
"2014","westside","WWC","Na0710411","fmt","Na0710411_fmt","E",734.34829
"2014","westside","WWC","Na0710412","fmc","Na0710412_fmc","A",30303.320305
"2014","westside","WWC","Na0710412","fmc","Na0710412_fmc","B",149815.94696
"2014","westside","WWC","Na0710412","fmc","Na0710412_fmc","C",26817.72347
"2014","westside","WWC","Na0710412","fmc","Na0710412_fmc","D",4164.791165
"2014","westside","WWC","Na0710412","fmc","Na0710412_fmc","E",38934.24786
"2014","westside","WWC","Na0710412","fmi","Na0710412_fmi","A",2760.589135
"2014","westside","WWC","Na0710412","fmi","Na0710412_fmi","B",6744.35077
"2014","westside","WWC","Na0710412","fmi","Na0710412_fmi","C",3005.44603
"2014","westside","WWC","Na0710412","fmi","Na0710412_fmi","D",388.968855
"2014","westside","WWC","Na0710412","fmi","Na0710412_fmi","E",5463.133175
"2014","westside","WWC","RaABAMlw","fsi","RaABAMlw_fsi","A",84918.86201
"2014","westside","WWC","RaABAMlw","fsi","RaABAMlw_fsi","B",312226.345165
"2014","westside","WWC","RaABAMlw","fsi","RaABAMlw_fsi","C",56684.0376
"2014","westside","WWC","RaABAMlw","fsi","RaABAMlw_fsi","D",13471.79952
"2014","westside","WWC","RaABAMlw","fsi","RaABAMlw_fsi","E",98825.66615
"2014","westside","WWC","RaABAMlw","fwc","RaABAMlw_fwc","A",26724.76236
"2014","westside","WWC","RaABAMlw","fwc","RaABAMlw_fwc","B",96791.419085
"2014","westside","WWC","RaABAMlw","fwc","RaABAMlw_fwc","C",16219.934535
"2014","westside","WWC","RaABAMlw","fwc","RaABAMlw_fwc","D",4414.763145
"2014","westside","WWC","RaABAMlw","fwc","RaABAMlw_fwc","E",28325.11678
"2014","westside","WWC","RaABAMup","fst","RaABAMup_fst","A",31524.49125
"2014","westside","WWC","RaABAMup","fst","RaABAMup_fst","B",116526.52899
"2014","westside","WWC","RaABAMup","fst","RaABAMup_fst","C",23665.05195
"2014","westside","WWC","RaABAMup","fst","RaABAMup_fst","D",5800.283995
"2014","westside","WWC","RaABAMup","fst","RaABAMup_fst","E",46382.25641
"2014","westside","WWC","RaABLA","faf","RaABLA_faf","A",527.298545
"2014","westside","WWC","RaABLA","faf","RaABLA_faf","B",3253.63885
"2014","westside","WWC","RaABLA","faf","RaABLA_faf","C",534.859975
"2014","westside","WWC","RaABLA","faf","RaABLA_faf","D",47.370135
"2014","westside","WWC","RaABLA","faf","RaABLA_faf","E",1420.65926
"2014","westside","WWC","RaDFHEdy","fdg","RaDFHEdy_fdg","A",45872.97186
"2014","westside","WWC","RaDFHEdy","fdg","RaDFHEdy_fdg","B",187153.39872
"2014","westside","WWC","RaDFHEdy","fdg","RaDFHEdy_fdg","C",39772.899405
"2014","westside","WWC","RaDFHEdy","fdg","RaDFHEdy_fdg","D",8414.98201
"2014","westside","WWC","RaDFHEdy","fdg","RaDFHEdy_fdg","E",120663.96557
"2014","westside","WWC","RaDFHEdy","fwi","RaDFHEdy_fwi","A",129074.94447
"2014","westside","WWC","RaDFHEdy","fwi","RaDFHEdy_fwi","B",487516.5274
"2014","westside","WWC","RaDFHEdy","fwi","RaDFHEdy_fwi","C",102571.68753
"2014","westside","WWC","RaDFHEdy","fwi","RaDFHEdy_fwi","D",22583.76746
"2014","westside","WWC","RaDFHEdy","fwi","RaDFHEdy_fwi","E",220631.630045
"2014","westside","WWC","RaDFHEwt","fwm","RaDFHEwt_fwm","A",82805.887115
"2014","westside","WWC","RaDFHEwt","fwm","RaDFHEwt_fwm","B",304940.46257
"2014","westside","WWC","RaDFHEwt","fwm","RaDFHEwt_fwm","C",58604.863215
"2014","westside","WWC","RaDFHEwt","fwm","RaDFHEwt_fwm","D",15602.78841
"2014","westside","WWC","RaDFHEwt","fwm","RaDFHEwt_fwm","E",119022.912865
"2014","westside","WWC","RaDFHEwt","fwn","RaDFHEwt_fwn","A",14914.25349
"2014","westside","WWC","RaDFHEwt","fwn","RaDFHEwt_fwn","B",61261.593885
"2014","westside","WWC","RaDFHEwt","fwn","RaDFHEwt_fwn","C",9428.21363
"2014","westside","WWC","RaDFHEwt","fwn","RaDFHEwt_fwn","D",1571.220675
"2014","westside","WWC","RaDFHEwt","fwn","RaDFHEwt_fwn","E",19893.23275
"2014","westside","WWC","RaDFHEwt","fww","RaDFHEwt_fww","A",16458.11958
"2014","westside","WWC","RaDFHEwt","fww","RaDFHEwt_fww","B",58299.292485
"2014","westside","WWC","RaDFHEwt","fww","RaDFHEwt_fww","C",10210.59924
"2014","westside","WWC","RaDFHEwt","fww","RaDFHEwt_fww","D",3398.862785
"2014","westside","WWC","RaDFHEwt","fww","RaDFHEwt_fww","E",19327.237475
"2014","westside","WWC","RaSAWD","fal","RaSAWD_fal","A",8940.72379
"2014","westside","WWC","RaSAWD","fal","RaSAWD_fal","B",34303.09438
"2014","westside","WWC","RaSAWD","fal","RaSAWD_fal","C",8157.670995
"2014","westside","WWC","RaSAWD","fal","RaSAWD_fal","D",882.685755
"2014","westside","WWC","RaSAWD","fal","RaSAWD_fal","E",12927.598955
"2014","westside","WWC","RaSSHE","fss","RaSSHE_fss","A",54.70917
"2014","westside","WWC","RaSSHE","fss","RaSSHE_fss","B",285.777575
"2014","westside","WWC","RaSSHE","fss","RaSSHE_fss","C",32.692065
"2014","westside","WWC","RaSSHE","fss","RaSSHE_fss","D",5.33748
"2014","westside","WWC","RaSSHE","fss","RaSSHE_fss","E",54.486775
